source_url,source_title,raw_text,published_at,outage_date,planned_start,planned_end,region,affected_areas,scraped_at
https://www.steg.com.tn/fr/news/f1ab049217b8,إشعار بانقطاع الكهرباء - جهة الشمال الغربي - 10:00 22/07/2026,"إشعار بانقطاع الكهرباء
جهة الشمال الغربي
في إطار الحفاظ على سلامة و ديمومة المنظومة الكهربائية، تعلم الشركة التونسية للكهرباء و الغاز أنّه قد يتمّ اللجوء إلى
القطع الدوري للكهرباء
اليوم الأربعاء 22 جويلية 2026، خلال الفترة المتراوحة
بين الساعة العاشرة صباحا والساعة الرابعة بعد الزوال
،
وعلى فترات متقطّعة
، على مستوى المناطق التالية :
وشتاتة
نفزة
الروحية
مكثر
بوسالم
غار الدماء
تبرسق
نبّر
الجريصة
الدهماني
بوعرادة
مع عودة
الكهرباء دون سابق إعلام
. لذا، يُرجى اتخاذ التدابير الاحتياطية اللازمة
.
هذه القائمة ليست نهائية و يمكن أن تشمل مناطق أخرى.
*للتبليغ عن أي طارئ أو لطلب مزيد من المعلومات، تضع الشركة على ذمّة حرفائها رقم الخدمات التالي :
71.239.222
، كما يمكنهم الاتصال بأرقام الهاتف المذكورة على فاتورات الاستهلاك.",,2026-07-22,10:00,16:00,جهة الشمال,وشتاتة; نفزة; الروحية; مكثر; بوسالم; غار الدماء; تبرسق; نبّر; الجريصة; الدهماني; بوعرادة,2026-08-11 15:21:26
https://www.steg.com.tn/fr/news/000973b9a7a8,إشعار بانقطاع الكهرباء - جهة الجنوب الغربي - 12:00 21/07/2026,"إشعار بانقطاع الكهرباء
جهة الجنوب الغربي
في إطار الحفاظ على سلامة و ديمومة المنظومة الكهربائية، تعلم الشركة التونسية للكهرباء و الغاز أنّه قد يتمّ اللجوء إلى
القطع الدوري للكهرباء ال
يوم
الثلاثاء 21 جويلية 2026
، خلال الفترة المتراوحة
بين
الساعة منتصف النهار و الساعة العاشرة ليلا
،
وعلى فترات متقطّعة
، على مستوى المناطق التالية :
السعيدة
خمودة بودرياس
سوق الجديد
الحمّار
اولاد حمد
حوامد
مكارم
قطرانة
الشخّار
فوسانة
حاسي لفريد
أولاد حفوز
سبيطلة
تالة
العيون
لعمايميّة
سيدي عيش
السبّالة
أم العظام
نفطة
بوليفة
صحراوي
ماجل بلعباس
دقاش
قفصة الشمالية
مع عودة
الكهرباء دون سابق إعلام
. لذا، يُرجى اتخاذ التدابير الاحتياطية اللازمة
.
هذه القائمة ليست نهائية و يمكن أن تشمل مناطق أخرى.
*للتبليغ عن أي طارئ أو لطلب مزيد من المعلومات، تضع الشركة على ذمّة حرفائها رقم الخدمات التالي :
71.239.222
، كما يمكنهم الاتصال بأرقام الهاتف المذكورة على فاتورات الاستهلاك.
.",,2026-07-21,12:00,22:00,جهة الجنوب,السعيدة; خمودة بودرياس; سوق الجديد; الحمّار; اولاد حمد; حوامد; مكارم; قطرانة; الشخّار; فوسانة; حاسي لفريد; أولاد حفوز; سبيطلة; تالة; العيون; لعمايميّة; سيدي عيش; السبّالة; أم العظام; نفطة; بوليفة; صحراوي; ماجل بلعباس; دقاش; قفصة الشمالية,2026-08-11 15:21:26
https://www.steg.com.tn/fr/news/541a0edcb0d4,إشعار بانقطاع الكهرباء - جهة الجنوب الغربي - 11:30 04/08/2026,"إشعار بانقطاع الكهرباء
جهة الجنوب الغربي
في إطار الحفاظ على سلامة و ديمومة منظومتها الكهربائية، تعلم الشركة التونسية للكهرباء و الغاز أنّه قد يتمّ اللجوء إلى
القطع الدوري للكهرباء
اليوم الثلاثاء 04 أوت 2026، خلال الفترة المتراوحة
بين الساعة الحادية عشر و النصف صباحا و الساعة الخامسة مساء
،  وعلى فترات متقطّعة ، على أن لا تتجاوز ساعتين للفترة الواحدة ، حسب ما تمليه علينا وضعية الشبكة، و ذلك على مستوى المناطق التالية :
المزارة
الهيشرية
فوسانة
الحامّة
الحقن
القلال
أولاد أحمد
حزوت
العيون
لجرد
بودرياس
ماجل بلعباس
الكرمة
حاسي الفريد
الشرايع
نصر الله
السبالة
أم العظام
دقاش
الحمّار
الفجّ
قفصة الشمالية
بوزقان
سوق حديد
بئر الحفي
مع عودة
الكهرباء
دون سابق إعلام
. لذا، يُرجى اتخاذ التدابير الوقائية اللازمة
.
هذه القائمة ليست نهائية و يمكن أن تشمل مناطق أخرى، حسب التطورات ومتطلبات التوازن بين الإنتاج و الاستهلاك.
*للتبليغ عن أي طارئ أو لطلب مزيد من المعلومات، تضع الشركة على ذمّة حرفائها رقم الخدمات التالي :
71.239.222
، كما يمكنهم الاتصال بأرقام الهاتف المذكورة على فواتير الاستهلاك.
وتتقدم الشركة باعتذارها عن هذا الإجراء الاستثنائي، وتعوّل على تفهم حرفائها الكرام وتعاونهم
.",,2026-08-04,11:00,13:00,جهة الجنوب,المزارة; الهيشرية; فوسانة; الحامّة; الحقن; القلال; أولاد أحمد; حزوت; العيون; لجرد; بودرياس; ماجل بلعباس; الكرمة; حاسي الفريد; الشرايع; نصر الله; السبالة; أم العظام; دقاش; الحمّار; الفجّ; قفصة الشمالية; بوزقان; سوق حديد; بئر الحفي,2026-08-11 15:21:26
https://www.steg.com.tn/fr/news/1c11bcf6c31d,إشعار بانقطاع الكهرباء - ولاية صفاقس - 18:00 22/07/2026,"إشعار بانقطاع الكهرباء
ولاية صفاقس
في إطار الحفاظ على سلامة و ديمومة المنظومة الكهربائية، تعلم الشركة التونسية للكهرباء و الغاز أنّه قد يتمّ اللجوء إلى
القطع الدوري للكهرباء
اليوم الأربعاء 22 جويلية 2026، خلال الفترة المتراوحة
بين الساعة السادسة مساء والساعة العاشرة ليلا
،
وعلى فترات متقطّعة
، وعلى فترات متقطّعة، على مستوى المناطق التالية :
المحرس
الغريبة
الصخيرة
بئر علي
عقارب
العامرة
طينة
صفاقس الغربية
ساقية الزيت
ساقية الدائر
الشابة
ملولش
الغرابة
مع عودة
الكهرباء دون سابق إعلام
. لذا، يُرجى اتخاذ التدابير الاحتياطية اللازمة
.
هذه القائمة ليست نهائية و يمكن أن تشمل مناطق أخرى.
*للتبليغ عن أي طارئ أو لطلب مزيد من المعلومات، تضع الشركة على ذمّة حرفائها رقم الخدمات التالي :
71.239.222
، كما يمكنهم الاتصال بأرقام الهاتف المذكورة على فاتورات الاستهلاك.",,2026-07-22,18:00,22:00,جهة صفاقس,المحرس; الغريبة; الصخيرة; بئر علي; عقارب; العامرة; طينة; صفاقس الغربية; ساقية الزيت; ساقية الدائر; الشابة; ملولش; الغرابة,2026-08-11 15:21:26
https://www.steg.com.tn/fr/news/d977398cbc27,إشعار بانقطاع الكهرباء - جهة الشمال الغربي - 12:00 03/08/2026,"إشعار بانقطاع الكهرباء
جهة الشمال الغربي
في إطار الحفاظ على سلامة و ديمومة منظومتها الكهربائية، تعلم الشركة التونسية للكهرباء و الغاز أنّه قد يتمّ اللجوء إلى
القطع الدوري للكهرباء
اليوم الاثنين 03 أوت 2026، خلال الفترة المتراوحة
بين الساعة منتصف النهار و الساعة الخامسة مساء
،  وعلى فترات متقطّعة ، على أن لا تتجاوز ساعتين للفترة الواحدة ، حسب ما تمليه علينا وضعية الشبكة، على مستوى المناطق التالية :
نفزة
وشتاتة
الروحية
مكثر
غار الدماء
وادي مليز
بوسالم
قبلاط
قعفور
شمتو
القلعة الخصباء
سيدي اسماعيل
مجاز الباب
نبّر
تاجروين
الجريصة
مع عودة
الكهرباء
دون سابق إعلام
. لذا، يُرجى اتخاذ التدابير الوقائية اللازمة
.
هذه القائمة ليست نهائية و يمكن أن تشمل مناطق أخرى، حسب التطورات ومتطلبات التوازن بين الإنتاج و الاستهلاك.
*للتبليغ عن أي طارئ أو لطلب مزيد من المعلومات، تضع الشركة على ذمّة حرفائها رقم الخدمات التالي :
71.239.222
، كما يمكنهم الاتصال بأرقام الهاتف المذكورة على فواتير الاستهلاك.
وتتقدم الشركة باعتذارها عن هذا الإجراء الاستثنائي، وتعوّل على تفهم حرفائها الكرام وتعاونهم
.",,2026-08-03,12:00,13:00,جهة الشمال,نفزة; وشتاتة; الروحية; مكثر; غار الدماء; وادي مليز; بوسالم; قبلاط; قعفور; شمتو; القلعة الخصباء; سيدي اسماعيل; مجاز الباب; نبّر; تاجروين; الجريصة,2026-08-11 15:21:26
https://www.steg.com.tn/fr/news/c4b535d50872,إشعار بانقطاع الكهرباء - جهة الجنوب - 12:00 21/07/2026,"إشعار بانقطاع الكهرباء
جهة الجنوب
في إطار الحفاظ على سلامة و ديمومة المنظومة الكهربائية، تعلم الشركة التونسية للكهرباء و الغاز أنّه قد يتمّ اللجوء إلى
القطع الدوري للكهرباء
الثلاثاء 21 جويلية 2026
، خلال الفترة المتراوحة
بين
الساعة منتصف النهار والساعة العاشرة ليلا،
وعلى فترات متقطّعة
، على مستوى المناطق التالية :
جهة قابس
جهة  جربة
جهة قبلي
جهة تطاوين
جهة جرجيس / بنقردان
جهة مدنين
- تبلبو
- حي حشاد
- شنتي
- الحامة
- مطماطة
- منزل لحبيب
- سدويكش
- الماي
- ربانة
- حومة السوق
-طريق قابس
-جنعورة
دوز
-الفوّار
- ليماقس
-بير لحمر
- الذهيبة
- حي النزهة
- رمادة
- بئر ثلاثين
-الموانسة
- المنطقة الحرة جرجيس
- حسي الجربي
- الجميلة
- جلال
- حي طريق تطاوين
- حسي عمر
- بني خداش
- بوغرارة
مع عودة
الكهرباء دون سابق إعلام
. لذا، يُرجى اتخاذ التدابير الاحتياطية اللازمة
.
هذه القائمة ليست نهائية و يمكن أن تشمل مناطق أخرى.
*للتبليغ عن أي طارئ أو لطلب مزيد من المعلومات، تضع الشركة على ذمّة حرفائها رقم الخدمات التالي :
71.239.222
، كما يمكنهم الاتصال بأرقام الهاتف المذكورة على فاتورات الاستهلاك.",,2026-07-21,12:00,22:00,جهة الجنوب,جهة قابس; جهة جربة; جهة قبلي; جهة تطاوين; جهة جرجيس / بنقردان; جهة مدنين; تبلبو; حي حشاد; شنتي; الحامة; مطماطة; منزل لحبيب; سدويكش; الماي; ربانة; حومة السوق; طريق قابس; جنعورة; دوز; الفوّار; ليماقس; بير لحمر; الذهيبة; حي النزهة; رمادة; بئر ثلاثين; الموانسة; المنطقة الحرة جرجيس; حسي الجربي; الجميلة; جلال; حي طريق تطاوين; حسي عمر; بني خداش; بوغرارة,2026-08-11 15:21:26
https://www.steg.com.tn/fr/news/a6465473933b,إشعار بانقطاع الكهرباء - جهة الشمال الغربي - 11:30 04/08/2026,"إشعار بانقطاع الكهرباء
جهة الشمال الغربي
في إطار الحفاظ على سلامة و ديمومة منظومتها الكهربائية، تعلم الشركة التونسية للكهرباء و الغاز أنّه قد يتمّ اللجوء إلى
القطع الدوري للكهرباء
اليوم الثلاثاء 04 أوت 2026، خلال الفترة المتراوحة
بين الساعة الحادية عشر و النصف صباحا و الساعة الخامسة مساء
،  وعلى فترات متقطّعة ، على أن لا تتجاوز ساعتين للفترة الواحدة ، حسب ما تمليه علينا وضعية الشبكة، و ذلك على مستوى المناطق التالية :
نفزة
قعفور
شمتو
القلعة الخصباء
سيدي اسماعيل
مكثر
غار الدماء
وادي مليز
مجاز الباب
وشتاتة
الروحية
بوسالم
قبلاط
نبّر
تاجروين
الجريصة
مع عودة
الكهرباء
دون سابق إعلام
. لذا، يُرجى اتخاذ التدابير الوقائية اللازمة
.
هذه القائمة ليست نهائية و يمكن أن تشمل مناطق أخرى، حسب التطورات ومتطلبات التوازن بين الإنتاج و الاستهلاك.
*للتبليغ عن أي طارئ أو لطلب مزيد من المعلومات، تضع الشركة على ذمّة حرفائها رقم الخدمات التالي :
71.239.222
، كما يمكنهم الاتصال بأرقام الهاتف المذكورة على فواتير الاستهلاك.
وتتقدم الشركة باعتذارها عن هذا الإجراء الاستثنائي، وتعوّل على تفهم حرفائها الكرام وتعاونهم
.",,2026-08-04,11:00,13:00,جهة الشمال,نفزة; قعفور; شمتو; القلعة الخصباء; سيدي اسماعيل; مكثر; غار الدماء; وادي مليز; مجاز الباب; وشتاتة; الروحية; بوسالم; قبلاط; نبّر; تاجروين; الجريصة,2026-08-11 15:21:26
https://www.steg.com.tn/fr/news/b9ba25198b70,إشعار بانقطاع الكهرباء - ولاية صفاقس - 17:00 20/07/2026,"إشعار بانقطاع الكهرباء
ولاية صفاقس
في إطار الحفاظ على سلامة و ديمومة المنظومة الكهربائية، تعلم الشركة التونسية للكهرباء و الغاز أنّه قد يتمّ اللجوء إلى
القطع الدوري للكهرباء ال
يوم
الاثنين 20 جويلية 2026
، خلال الفترة المتراوحة
بين
الساعة الخامسة مساء و الساعة منتصف الليل،
وعلى فترات متقطّعة
، على مستوى المناطق التالية :
المحرس
الغريبة
الصخيرة
بير علي
عقارب
منزل شاكر
الحنشة
الغرابة
العامرة
وسط مدينة صفاقس
معتمدية جبنيانة
مع عودة
الكهرباء دون سابق إعلام
. لذا، يُرجى اتخاذ التدابير الاحتياطية اللازمة
.
هذه القائمة ليست نهائية و يمكن أن تشمل مناطق أخرى.
*للتبليغ عن أي طارئ أو لطلب مزيد من المعلومات، تضع الشركة على ذمّة حرفائها رقم الخدمات التالي :
71.239.222
، كما يمكنهم الاتصال بأرقام الهاتف المذكورة على فاتورات الاستهلاك.",,2026-07-20,17:00,00:00,جهة صفاقس,المحرس; الغريبة; الصخيرة; بير علي; عقارب; منزل شاكر; الحنشة; الغرابة; العامرة; وسط مدينة صفاقس; معتمدية جبنيانة,2026-08-11 15:21:26
https://www.steg.com.tn/fr/news/59c501504148,إشعار بانقطاع الكهرباء - جهة الجنوب - 12:00 03/08/2026,"إشعار بانقطاع الكهرباء
جهة الجنوب
في إطار الحفاظ على سلامة و ديمومة منظومتها الكهربائية، تعلم الشركة التونسية للكهرباء و الغاز أنّه قد يتمّ اللجوء إلى
القطع الدوري للكهرباء
اليوم الاثنين 03 أوت 2026، خلال الفترة المتراوحة
بين الساعة منتصف النهار و الساعة الخامسة مساء
،  وعلى فترات متقطّعة ، على أن لا تتجاوز ساعتين للفترة الواحدة ، حسب ما تمليه علينا وضعية الشبكة، على مستوى المناطق التالية :
جهة قابس
جربة
قبلي
تطاوين
جرجيس - بنقردان
مدنين
-
الموازير
- تبلبو
- شنني
- حي الأمل
- قابس المدينة
- مطماطة
- الحامة
- وذرف
- المطوية
-حومة السوق
- ميدون
- الماي
- ربانة
- التلات
- قلالة
- الجرف
-جنعورة
- حي طريق قابس
- دوز
- جمنة
- نويل
- زعفران
- الفوّار
-حي المهرجان
- غمراسن
- السمّار
- بير لحمر
- رمادة
- الزهراء
-الموانسة
- البساتين
- السويحل
- الهشام
- حي مارس
- جلال
- جميلة
- راس جدير
-حي الشرايحة
- حي النور
- حي طريق تطاوين
- حريش
- بني خداش
مع عودة
الكهرباء
دون سابق إعلام
. لذا، يُرجى اتخاذ التدابير الوقائية اللازمة
.
هذه القائمة ليست نهائية و يمكن أن تشمل مناطق أخرى، حسب التطورات ومتطلبات التوازن بين الإنتاج و الاستهلاك.
*للتبليغ عن أي طارئ أو لطلب مزيد من المعلومات، تضع الشركة على ذمّة حرفائها رقم الخدمات التالي :
71.239.222
، كما يمكنهم الاتصال بأرقام الهاتف المذكورة على فواتير الاستهلاك.
وتتقدم الشركة باعتذارها عن هذا الإجراء الاستثنائي، وتعوّل على تفهم حرفائها الكرام وتعاونهم
.",,2026-08-03,12:00,13:00,جهة الجنوب,جهة قابس; جربة; قبلي; تطاوين; جرجيس - بنقردان; مدنين; الموازير; تبلبو; شنني; حي الأمل; قابس المدينة; مطماطة; الحامة; وذرف; المطوية; حومة السوق; ميدون; الماي; ربانة; التلات; قلالة; الجرف; جنعورة; حي طريق قابس; دوز; جمنة; نويل; زعفران; الفوّار; حي المهرجان; غمراسن; السمّار; بير لحمر; رمادة; الزهراء; الموانسة; البساتين; السويحل; الهشام; حي مارس; جلال; جميلة; راس جدير; حي الشرايحة; حي النور; حي طريق تطاوين; حريش; بني خداش,2026-08-11 15:21:26
https://www.steg.com.tn/fr/news/48f62ce623ee,إشعار بانقطاع الكهرباء - جهة الجنوب - 18:00 23/07/2026,"إشعار بانقطاع الكهرباء
جهة الجنوب
في إطار الحفاظ على سلامة و ديمومة المنظومة الكهربائية، تعلم الشركة التونسية للكهرباء و الغاز أنّه قد يتمّ اللجوء إلى
القطع الدوري للكهرباء
اليوم الخميس 23 جويلية 2026، خلال الفترة المتراوحة
بين الساعة السادسة مساء والساعة منتصف الليل
، وعلى فترات متقطّعة ، حسب ما تمليه علينا وضعية الشبكة، على مستوى المناطق التالية :
جهة قابس
جربة
قبلي
تطاوين
جرجيس - بنقردان
مدنين
-الحامّة
- مارث
- العكاريت
- مطماطة
- النحال
- شننّي
- غنوش
- بوشمة
- حي الازدهار
- حي الأمل
- تبلبو
- الموازير
-الناظور
- قلالة
- ترقيناس
- حومة السوق
- ميدون
-القلعة
- الفوّار
- دوز
- سوق الأحد
- نقّة
- جنعورة
- الرحمات
- بازمة
- جمنة
-حي واد القمح
- بير لحمر
- بني مهيرة
- غمراسن
- رمادة
- السمّار
-السويحل
- العقلة
- الشمّاخ
- الرصيفات
- حي طريق مدنين
- النفاتية
- القطعاية
- طريق راس جدير
- الزكرة
-الدرغولية
- حي الجندلي
- الجرف
- حي النور
- بني خداش
- حسي عمر
- أم التمر
مع عودة
الكهرباء دون سابق إعلام
. لذا، يُرجى اتخاذ التدابير الاحتياطية اللازمة
.
هذه القائمة ليست نهائية و يمكن أن تشمل مناطق أخرى، مع إمكانية تجاوز الفترة المذكورة أعلاه حسب التطورات ومتطلبات التوازن بين الإنتاج و الاستهلاك.
*للتبليغ عن أي طارئ أو لطلب مزيد من المعلومات، تضع الشركة على ذمّة حرفائها رقم الخدمات التالي :
71.239.222
، كما يمكنهم الاتصال بأرقام الهاتف المذكورة على فواتير الاستهلاك.",,2026-07-23,18:00,00:00,جهة الجنوب,جهة قابس; جربة; قبلي; تطاوين; جرجيس - بنقردان; مدنين; الحامّة; مارث; العكاريت; مطماطة; النحال; شننّي; غنوش; بوشمة; حي الازدهار; حي الأمل; تبلبو; الموازير; الناظور; قلالة; ترقيناس; حومة السوق; ميدون; القلعة; الفوّار; دوز; سوق الأحد; نقّة; جنعورة; الرحمات; بازمة; جمنة; حي واد القمح; بير لحمر; بني مهيرة; غمراسن; رمادة; السمّار; السويحل; العقلة; الشمّاخ; الرصيفات; حي طريق مدنين; النفاتية; القطعاية; طريق راس جدير; الزكرة; الدرغولية; حي الجندلي; الجرف; حي النور; بني خداش; حسي عمر; أم التمر,2026-08-11 15:21:26
https://www.steg.com.tn/fr/news/1b9e4f658276,إشعار بانقطاع الكهرباء - جهة الشمال الغربي - 06:00 21/07/2026,"إشعار بانقطاع الكهرباء
جهة الشمال الغربي
في إطار الحفاظ على سلامة و ديمومة المنظومة الكهربائية، تعلم الشركة التونسية للكهرباء و الغاز أنّه قد يتمّ اللجوء إلى
القطع الدوري للكهرباء
اليوم الثلاثاء 21 جويلية 2026، خلال الفترة المتراوحة
بين الساعة السادسة صباحا والساعة منتصف النهار
،
وعلى فترات متقطّعة
، على مستوى المناطق التالية :
وشتاتة
نفزة
الروحية
مكثر
بوسالم
غار الدماء
تبرسق
نبّر
الجريصة
الدهماني
بوعرادة
مع عودة
الكهرباء دون سابق إعلام
. لذا، يُرجى اتخاذ التدابير الاحتياطية اللازمة
.
هذه القائمة ليست نهائية و يمكن أن تشمل مناطق أخرى.
*للتبليغ عن أي طارئ أو لطلب مزيد من المعلومات، تضع الشركة على ذمّة حرفائها رقم الخدمات التالي :
71.239.222
، كما يمكنهم الاتصال بأرقام الهاتف المذكورة على فاتورات الاستهلاك.",,2026-07-21,06:00,12:00,جهة الشمال,وشتاتة; نفزة; الروحية; مكثر; بوسالم; غار الدماء; تبرسق; نبّر; الجريصة; الدهماني; بوعرادة,2026-08-11 15:21:26
https://www.steg.com.tn/fr/news/b37839982f9f,إشعار بانقطاع الكهرباء - ولاية صفاقس - 12:00 03/08/2026,"إشعار بانقطاع الكهرباء
جهة صفاقس
في إطار الحفاظ على سلامة و ديمومة منظومتها الكهربائية، تعلم الشركة التونسية للكهرباء و الغاز أنّه قد يتمّ اللجوء إلى
القطع الدوري للكهرباء
اليوم الاثنين 03 أوت 2026، خلال الفترة المتراوحة
بين الساعة منتصف النهار و الساعة الخامسة مساء
،  وعلى فترات متقطّعة ، على أن لا تتجاوز ساعتين للفترة الواحدة ، حسب ما تمليه علينا وضعية الشبكة، على مستوى المناطق التالية :
المحرس
العامرة
طينة
صفاقس الغربية
صفاقس المدينة
ساقية الزيت
ساقية الداير
جبنيانة
الحنشة
منزل شاكر
صفاقس الجنوبية
مع عودة
الكهرباء
دون سابق إعلام
. لذا، يُرجى اتخاذ التدابير الوقائية اللازمة
.
هذه القائمة ليست نهائية و يمكن أن تشمل مناطق أخرى، حسب التطورات ومتطلبات التوازن بين الإنتاج و الاستهلاك.
*للتبليغ عن أي طارئ أو لطلب مزيد من المعلومات، تضع الشركة على ذمّة حرفائها رقم الخدمات التالي :
71.239.222
، كما يمكنهم الاتصال بأرقام الهاتف المذكورة على فواتير الاستهلاك.
وتتقدم الشركة باعتذارها عن هذا الإجراء الاستثنائي، وتعوّل على تفهم حرفائها الكرام وتعاونهم
.",,2026-08-03,12:00,13:00,جهة صفاقس,المحرس; العامرة; طينة; صفاقس الغربية; صفاقس المدينة; ساقية الزيت; ساقية الداير; جبنيانة; الحنشة; منزل شاكر; صفاقس الجنوبية,2026-08-11 15:21:26
https://www.steg.com.tn/fr/news/5f80d164cc9e,إشعار بانقطاع الكهرباء - جهة تونس الكبرى - 10:00 20/07/2026,"إشعار بانقطاع الكهرباء
جهة تونس الكبرى
في إطار الحفاظ على سلامة و ديمومة المنظومة الكهربائية، تعلم الشركة التونسية للكهرباء و الغاز أنّه قد يتمّ اللجوء إلى
القطع الدوري للكهرباء ال
يوم
الاثنين 20 جويلية 2026
، خلال الفترة المتراوحة
بين
الساعة العاشرة صباحا و الساعة الخامسة مساءا
،
وعلى فترات متقطّعة
، على مستوى المناطق التالية :
فوشانة
المغيرة
برج السدرية
حي التضامن
سكرة
المروج
مقرين
رادس
الزهراء
حمام الأنف
بومهل
بيرين
أريانة
دوار هيشر
المرسى
برج الطويل
مع عودة
الكهرباء دون سابق إعلام
. لذا، يُرجى اتخاذ التدابير الاحتياطية اللازمة
.
هذه القائمة ليست نهائية و يمكن أن تشمل مناطق أخرى.
*للتبليغ عن أي طارئ أو لطلب مزيد من المعلومات، تضع الشركة على ذمّة حرفائها رقم الخدمات التالي :
71.239.222
، كما يمكنهم الاتصال بأرقام الهاتف المذكورة على فاتورات الاستهلاك.",,2026-07-20,10:00,17:00,جهة تونس الكبرى,فوشانة; المغيرة; برج السدرية; حي التضامن; سكرة; المروج; مقرين; رادس; الزهراء; حمام الأنف; بومهل; بيرين; أريانة; دوار هيشر; المرسى; برج الطويل,2026-08-11 15:21:26
https://www.steg.com.tn/fr/news/0a9d913773d6,إشعار بانقطاع الكهرباء - جهة الجنوب الغربي - 10:00 22/07/2026,"إشعار بانقطاع الكهرباء
جهة الجنوب الغربي
في إطار الحفاظ على سلامة و ديمومة المنظومة الكهربائية، تعلم الشركة التونسية للكهرباء و الغاز أنّه قد يتمّ اللجوء إلى
القطع الدوري للكهرباء
اليوم الأربعاء 22 جويلية 2026، خلال الفترة المتراوحة
بين الساعة العاشرة صباحا والساعة الرابعة بعد الزوال
،
وعلى فترات متقطّعة
، على مستوى المناطق التالية :
السعيدة
خمودة بودرياس
سوق الجديد
الحمّار
اولاد حمد
حوامد
مكارم
قطرانة
الشخّار
فوسانة
حاسي لفريد
أولاد حفوز
السند
البهلولة
سبيطلة
تالة
العيون
لعمايميّة
سيدي عيش
السبّالة
أم العظام
نفطة
بوليفة
صحراوي
ماجل بلعباس
دقاش
قفصة الشمالية
مع عودة
الكهرباء دون سابق إعلام
. لذا، يُرجى اتخاذ التدابير الاحتياطية اللازمة
.
هذه القائمة ليست نهائية و يمكن أن تشمل مناطق أخرى.
*للتبليغ عن أي طارئ أو لطلب مزيد من المعلومات، تضع الشركة على ذمّة حرفائها رقم الخدمات التالي :
71.239.222
، كما يمكنهم الاتصال بأرقام الهاتف المذكورة على فاتورات الاستهلاك.",,2026-07-22,10:00,16:00,جهة الجنوب,السعيدة; خمودة بودرياس; سوق الجديد; الحمّار; اولاد حمد; حوامد; مكارم; قطرانة; الشخّار; فوسانة; حاسي لفريد; أولاد حفوز; السند; البهلولة; سبيطلة; تالة; العيون; لعمايميّة; سيدي عيش; السبّالة; أم العظام; نفطة; بوليفة; صحراوي; ماجل بلعباس; دقاش; قفصة الشمالية,2026-08-11 15:21:26
https://www.steg.com.tn/fr/news/d9a5cebe9821,إشعار بانقطاع الكهرباء - ولاية صفاقس - 11:00 23/07/2026,"إشعار بانقطاع الكهرباء
ولاية صفاقس
في إطار الحفاظ على سلامة و ديمومة المنظومة الكهربائية، تعلم الشركة التونسية للكهرباء و الغاز أنّه قد يتمّ اللجوء إلى
القطع الدوري للكهرباء
اليوم الخميس 23 جويلية 2026، خلال الفترة المتراوحة
بين الساعة الحادية عشر صباحا والساعة الخامسة مساء
،
وعلى فترات متقطّعة
، وعلى فترات متقطّعة، على مستوى المناطق التالية :
المحرس
الغريبة
الصخيرة
بئر علي
عقارب
العامرة
طينة
صفاقس الغربية
ساقية الزيت
ساقية الدائر
الشابة
ملولش
مع عودة
الكهرباء دون سابق إعلام
. لذا، يُرجى اتخاذ التدابير الاحتياطية اللازمة
.
هذه القائمة ليست نهائية و يمكن أن تشمل مناطق أخرى.
*للتبليغ عن أي طارئ أو لطلب مزيد من المعلومات، تضع الشركة على ذمّة حرفائها رقم الخدمات التالي :
71.239.222
، كما يمكنهم الاتصال بأرقام الهاتف المذكورة على فاتورات الاستهلاك.",,2026-07-23,11:00,17:00,جهة صفاقس,المحرس; الغريبة; الصخيرة; بئر علي; عقارب; العامرة; طينة; صفاقس الغربية; ساقية الزيت; ساقية الدائر; الشابة; ملولش,2026-08-11 15:21:26
https://www.steg.com.tn/fr/news/c4f41c934b8e,إشعار بانقطاع الكهرباء - جهة الجنوب الغربي - 12:30 05/08/2026,"إشعار بانقطاع الكهرباء
جهة الجنوب الغربي
في إطار الحفاظ على سلامة و ديمومة منظومتها الكهربائية، تعلم الشركة التونسية للكهرباء و الغاز أنّه قد يتمّ اللجوء إلى
القطع الدوري للكهرباء
اليوم الأربعاء 05 أوت 2026، خلال الفترة المتراوحة
بين الساعة منتصف النهار و النصف و الساعة الخامسة مساء
،  وعلى فترات متقطّعة ، على أن لا تتجاوز ساعتين للفترة الواحدة ، حسب ما تمليه علينا وضعية الشبكة، و ذلك على مستوى المناطق التالية :
نصر الله
بئر الحفي
المكارم
دقاش
حزوة
أم العظام
الهيشرية
الحامّة
فوسانة
الفج
سوق الجديد
السبالة
لجرد
بودرياس
الحقن
المزونة
الكرمة
حاسي فريد
بوزقان
الرقاب
قفصة الشمالية
مع عودة
الكهرباء
دون سابق إعلام
. لذا، يُرجى اتخاذ التدابير الوقائية اللازمة
.
هذه القائمة ليست نهائية و يمكن أن تشمل مناطق أخرى، حسب التطورات ومتطلبات التوازن بين الإنتاج و الاستهلاك.
*للتبليغ عن أي طارئ أو لطلب مزيد من المعلومات، تضع الشركة على ذمّة حرفائها رقم الخدمات التالي :
71.239.222
، كما يمكنهم الاتصال بأرقام الهاتف المذكورة على فواتير الاستهلاك.
وتتقدم الشركة باعتذارها عن هذا الإجراء الاستثنائي، وتعوّل على تفهم حرفائها الكرام وتعاونهم
.",,2026-08-05,12:00,13:00,جهة الجنوب,نصر الله; بئر الحفي; المكارم; دقاش; حزوة; أم العظام; الهيشرية; الحامّة; فوسانة; الفج; سوق الجديد; السبالة; لجرد; بودرياس; الحقن; المزونة; الكرمة; حاسي فريد; بوزقان; الرقاب; قفصة الشمالية,2026-08-11 15:21:26
https://www.steg.com.tn/fr/news/358a66027914,إشعار بانقطاع الكهرباء - جهة الشمال الغربي - 11:00 23/07/2026,"إشعار بانقطاع الكهرباء
جهة الشمال الغربي
في إطار الحفاظ على سلامة و ديمومة المنظومة الكهربائية، تعلم الشركة التونسية للكهرباء و الغاز أنّه قد يتمّ اللجوء إلى
القطع الدوري للكهرباء
اليوم الخميس 23 جويلية 2026، خلال الفترة المتراوحة
بين الساعة الحادية عشر صباحا والساعة الخامسة مساء
،
وعلى فترات متقطّعة
، على مستوى المناطق التالية :
وشتاتة
نفزة
وادي مليز
غار الدماء
شمتو
بوسالم
سيدي اسماعيل
بوعرادة
العروسة
الكريب
قعفور
سيدي بورويس
تبرسق
دجبّة
الطويرف
نبّر
مجاز الباب
قبلاّط
الجريصة
الدهماني
تاجروين
الروحية
مكثر
مع عودة
الكهرباء دون سابق إعلام
. لذا، يُرجى اتخاذ التدابير الاحتياطية اللازمة
.
هذه القائمة ليست نهائية و يمكن أن تشمل مناطق أخرى.
*للتبليغ عن أي طارئ أو لطلب مزيد من المعلومات، تضع الشركة على ذمّة حرفائها رقم الخدمات التالي :
71.239.222
، كما يمكنهم الاتصال بأرقام الهاتف المذكورة على فاتورات الاستهلاك.",,2026-07-23,11:00,17:00,جهة الشمال,وشتاتة; نفزة; وادي مليز; غار الدماء; شمتو; بوسالم; سيدي اسماعيل; بوعرادة; العروسة; الكريب; قعفور; سيدي بورويس; تبرسق; دجبّة; الطويرف; نبّر; مجاز الباب; قبلاّط; الجريصة; الدهماني; تاجروين; الروحية; مكثر,2026-08-11 15:21:26
https://www.steg.com.tn/fr/news/3091bd8bd58f,إشعار بانقطاع الكهرباء - جهة الشمال - 11:00 23/07/2026,"إشعار بانقطاع الكهرباء
جهة الشمال
في إطار الحفاظ على سلامة و ديمومة المنظومة الكهربائية، تعلم الشركة التونسية للكهرباء و الغاز أنّه قد يتمّ اللجوء إلى
القطع الدوري للكهرباء
اليوم الخميس 23 جويلية 2026، خلال الفترة المتراوحة
بين الساعة الحادية عشر صباحا والساعة الخامسة مساء
،
وعلى فترات متقطّعة
، على مستوى المناطق التالية :
جهة الوطن القبلي
جهة زغوان
جهة بنزرت
قليبية
حمام لغزاز
الميدة
بني خلاد
الهوارية
منزل تميم
دار علوش
الحمامات
منزل بوزلفة
بوعرقوب
نابل
زغوان
الفحص
صوّاف
الزريبة
بوعشير
جرادو
جبل الوسط
بير مشارقة
الناظور
سجنان
جومين
الماتلين
راس الجبل
منزل عبد الرحمان
العالية
غار الملح
منزل جميل
ماطر
تينجة
أوتيك
مع عودة
الكهرباء دون سابق إعلام
. لذا، يُرجى اتخاذ التدابير الاحتياطية اللازمة
.
هذه القائمة ليست نهائية و يمكن أن تشمل مناطق أخرى.
*للتبليغ عن أي طارئ أو لطلب مزيد من المعلومات، تضع الشركة على ذمّة حرفائها رقم الخدمات التالي :
71.239.222
، كما يمكنهم الاتصال بأرقام الهاتف المذكورة على فاتورات الاستهلاك.",,2026-07-23,11:00,17:00,جهة الشمال,جهة الوطن القبلي; جهة زغوان; جهة بنزرت; قليبية; حمام لغزاز; الميدة; بني خلاد; الهوارية; منزل تميم; دار علوش; الحمامات; منزل بوزلفة; بوعرقوب; نابل; زغوان; الفحص; صوّاف; الزريبة; بوعشير; جرادو; جبل الوسط; بير مشارقة; الناظور; سجنان; جومين; الماتلين; راس الجبل; منزل عبد الرحمان; العالية; غار الملح; منزل جميل; ماطر; تينجة; أوتيك,2026-08-11 15:21:26
https://www.steg.com.tn/fr/news/daf4112389e3,إشعار بانقطاع الكهرباء - جهة تونس الكبرى - 12:00 03/08/2026,"إشعار بانقطاع الكهرباء
جهة تونس الكبرى
في إطار الحفاظ على سلامة و ديمومة منظومتها الكهربائية، تعلم الشركة التونسية للكهرباء و الغاز أنّه قد يتمّ اللجوء إلى
القطع الدوري للكهرباء
اليوم الاثنين 03 أوت 2026، خلال الفترة المتراوحة
بين الساعة منتصف النهار و الساعة الخامسة مساء
،  وعلى فترات متقطّعة ، على أن لا تتجاوز ساعتين للفترة الواحدة ، حسب ما تمليه علينا وضعية الشبكة، على مستوى المناطق التالية :
المروج
بن عروس
مقرين
منوبة
عين زغوان
النصر
سكرة
سيدي فرج
المدينة الجديدة
برج الطويل
صنهاجة
الجديدة
البحيرة
حدائق المنزه
مع عودة
الكهرباء
دون سابق إعلام
. لذا، يُرجى اتخاذ التدابير الوقائية اللازمة
.
هذه القائمة ليست نهائية و يمكن أن تشمل مناطق أخرى، حسب التطورات ومتطلبات التوازن بين الإنتاج و الاستهلاك.
*للتبليغ عن أي طارئ أو لطلب مزيد من المعلومات، تضع الشركة على ذمّة حرفائها رقم الخدمات التالي :
71.239.222
، كما يمكنهم الاتصال بأرقام الهاتف المذكورة على فواتير الاستهلاك.
وتتقدم الشركة باعتذارها عن هذا الإجراء الاستثنائي، وتعوّل على تفهم حرفائها الكرام وتعاونهم
.",,2026-08-03,12:00,13:00,جهة تونس الكبرى,المروج; بن عروس; مقرين; منوبة; عين زغوان; النصر; سكرة; سيدي فرج; المدينة الجديدة; برج الطويل; صنهاجة; الجديدة; البحيرة; حدائق المنزه,2026-08-11 15:21:26
https://www.steg.com.tn/fr/news/b1799b141b00,إشعار بانقطاع الكهرباء - ولاية صفاقس - 12:30 05/08/2026,"إشعار بانقطاع الكهرباء
جهة صفاقس
في إطار الحفاظ على سلامة و ديمومة منظومتها الكهربائية، تعلم الشركة التونسية للكهرباء و الغاز أنّه قد يتمّ اللجوء إلى
القطع الدوري للكهرباء
اليوم الأربعاء 05 أوت 2026، خلال الفترة المتراوحة
بين الساعة منتصف النهار و النصف و الساعة الخامسة مساء
،  وعلى فترات متقطّعة ، على أن لا تتجاوز ساعتين للفترة الواحدة ، حسب ما تمليه علينا وضعية الشبكة، و ذلك على مستوى المناطق التالية :
ساقية الزيت
ساقية الداير
بئر علي
المحرس
العامرة
طينة
صفاقس الغربية
صفاقس المدينة
جبنيانة
الحنشة
منزل شاكر
صفاقس الجنوبية
مع عودة
الكهرباء
دون سابق إعلام
. لذا، يُرجى اتخاذ التدابير الوقائية اللازمة
.
هذه القائمة ليست نهائية و يمكن أن تشمل مناطق أخرى، حسب التطورات ومتطلبات التوازن بين الإنتاج و الاستهلاك.
*للتبليغ عن أي طارئ أو لطلب مزيد من المعلومات، تضع الشركة على ذمّة حرفائها رقم الخدمات التالي :
71.239.222
، كما يمكنهم الاتصال بأرقام الهاتف المذكورة على فواتير الاستهلاك.
وتتقدم الشركة باعتذارها عن هذا الإجراء الاستثنائي، وتعوّل على تفهم حرفائها الكرام وتعاونهم
.",,2026-08-05,12:00,13:00,جهة صفاقس,ساقية الزيت; ساقية الداير; بئر علي; المحرس; العامرة; طينة; صفاقس الغربية; صفاقس المدينة; جبنيانة; الحنشة; منزل شاكر; صفاقس الجنوبية,2026-08-11 15:21:26
https://www.steg.com.tn/fr/news/9975a63cc01d,إشعار بانقطاع الكهرباء - جهة تونس الكبرى - 11:30 04/08/2026,"إشعار بانقطاع الكهرباء
جهة تونس الكبرى
في إطار الحفاظ على سلامة و ديمومة منظومتها الكهربائية، تعلم الشركة التونسية للكهرباء و الغاز أنّه قد يتمّ اللجوء إلى
القطع الدوري للكهرباء
اليوم الثلاثاء 04 أوت 2026، خلال الفترة المتراوحة
بين الساعة الحادية عشر و النصف صباحا و الساعة الخامسة مساء
،  وعلى فترات متقطّعة ، على أن لا تتجاوز ساعتين للفترة الواحدة ، حسب ما تمليه علينا وضعية الشبكة، و ذلك على مستوى المناطق التالية :
الزهراء
برج السدرية
الكرم
حمام الأنف
حدائق المنزه
البحيرة
منوبة
حلق الوادي
المروج
بن عروس
مقرين
منوبة
عين زغوان
النصر
سكرة
سيدي فرج
المدينة الجديدة
برج الطويل
صنهاجة
الجديدة
مع عودة
الكهرباء
دون سابق إعلام
. لذا، يُرجى اتخاذ التدابير الوقائية اللازمة
.
هذه القائمة ليست نهائية و يمكن أن تشمل مناطق أخرى، حسب التطورات ومتطلبات التوازن بين الإنتاج و الاستهلاك.
*للتبليغ عن أي طارئ أو لطلب مزيد من المعلومات، تضع الشركة على ذمّة حرفائها رقم الخدمات التالي :
71.239.222
، كما يمكنهم الاتصال بأرقام الهاتف المذكورة على فواتير الاستهلاك.
وتتقدم الشركة باعتذارها عن هذا الإجراء الاستثنائي، وتعوّل على تفهم حرفائها الكرام وتعاونهم
.",,2026-08-04,11:00,13:00,جهة تونس الكبرى,الزهراء; برج السدرية; الكرم; حمام الأنف; حدائق المنزه; البحيرة; منوبة; حلق الوادي; المروج; بن عروس; مقرين; منوبة; عين زغوان; النصر; سكرة; سيدي فرج; المدينة الجديدة; برج الطويل; صنهاجة; الجديدة,2026-08-11 15:21:26
https://www.steg.com.tn/fr/news/78867bdd7d2b,إشعار بانقطاع الكهرباء - جهة الجنوب الغربي - 18/07/2026,"إشعار بانقطاع الكهرباء
جهة الجنوب الغربي
في إطار الحفاظ على سلامة و ديمومة المنظومة الكهربائية، تعلم الشركة التونسية للكهرباء و الغاز أنّه قد يتمّ اللجوء إلى
القطع الدوري للكهرباء ال
يوم
السبت 18 جويلية 2026
، خلال الفترة المتراوحة
بين
الساعة الخامسة مساءا و العاشرة ليلا
،
وعلى فترات متقطّعة
، على مستوى المناطق التالية :
-
الشخار
-
فوسانة
-
السعيدة
-
خمودة بودرياس
-
أولاد حمد
-
حوامد
-
أولاد حفّوز
-
سبيطلة
-
العيون
-
لعمايمية
-
مكارم
-
قطرانة
-
سيدي عيش
-
سوق الجديد
-
الحمّار
دقاش
:
-
حي البساتين
-
حي حسناوي
-
حي العهد الجديد
-
المنطقة الصناعية
Cité AFH -
Cité CNRPS -
-
حي الشرفة
-
مالاجي الشعبية
-
صحراوي
-
شتاوة
-
جهيم
تورز
:
-
حي المطار
-
طريق الحجيج
-
السوالمية
SNIT -
مع عودة
الكهرباء دون سابق إعلام
. لذا، يُرجى اتخاذ التدابير الاحتياطية اللازمة
.
هذه القائمة ليست نهائية و يمكن أن تشمل مناطق أخرى.
*للتبليغ عن أي طارئ أو لطلب مزيد من المعلومات، تضع الشركة على ذمّة حرفائها رقم الخدمات التالي :
71.239.222
، كما يمكنهم الاتصال بأرقام الهاتف المذكورة على فاتورات الاستهلاك.
.",,2026-07-18,17:00,22:00,جهة الجنوب,الشخار; فوسانة; السعيدة; خمودة بودرياس; أولاد حمد; حوامد; أولاد حفّوز; سبيطلة; العيون; لعمايمية; مكارم; قطرانة; سيدي عيش; سوق الجديد; الحمّار; دقاش; حي البساتين; حي حسناوي; حي العهد الجديد; المنطقة الصناعية; حي الشرفة; مالاجي الشعبية; صحراوي; شتاوة; جهيم; تورز; حي المطار; طريق الحجيج; السوالمية,2026-08-11 15:21:26
https://www.steg.com.tn/fr/news/2e33ffd5a018,إشعار بانقطاع الكهرباء - ولاية صفاقس - 13:00 06/08/2026,"إشعار بانقطاع الكهرباء
جهة صفاقس
في إطار الحفاظ على سلامة و ديمومة منظومتها الكهربائية، تعلم الشركة التونسية للكهرباء و الغاز أنّه قد يتمّ اللجوء إلى
القطع الدوري للكهرباء،
اليوم الخميس 06 أوت 2026، خلال الفترة المتراوحة
بين الساعة الواحدة والساعة الرابعة بعد الزوال
،  وعلى فترات متقطّعة ، على أن لا تتجاوز ساعتين للفترة الواحدة ، حسب ما تمليه علينا وضعية الشبكة، و ذلك على مستوى المناطق التالية :
العامرة
طينة
صفاقس الغربية
صفاقس المدينة
جبنيانة
الحنشة
منزل شاكر
صفاقس الجنوبية
ساقية الزيت
ساقية الداير
بئر علي
المحرس
مع عودة
الكهرباء
دون سابق إعلام
. لذا، يُرجى اتخاذ التدابير الوقائية اللازمة
.
هذه القائمة ليست نهائية و يمكن أن تشمل مناطق أخرى، حسب التطورات ومتطلبات التوازن بين الإنتاج و الاستهلاك.
*للتبليغ عن أي طارئ أو لطلب مزيد من المعلومات، تضع الشركة على ذمّة حرفائها رقم الخدمات التالي :
71.239.222
، كما يمكنهم الاتصال بأرقام الهاتف المذكورة على فواتير الاستهلاك.
وتتقدم الشركة باعتذارها عن هذا الإجراء الاستثنائي، وتعوّل على تفهم حرفائها الكرام وتعاونهم
.",,2026-08-06,01:00,13:00,جهة صفاقس,العامرة; طينة; صفاقس الغربية; صفاقس المدينة; جبنيانة; الحنشة; منزل شاكر; صفاقس الجنوبية; ساقية الزيت; ساقية الداير; بئر علي; المحرس,2026-08-11 15:21:26
https://www.steg.com.tn/fr/news/d7021b0f6469,إشعار بانقطاع الكهرباء - ولاية صفاقس - 10:00 20/07/2026,"إشعار بانقطاع الكهرباء
ولاية صفاقس
في إطار الحفاظ على سلامة و ديمومة المنظومة الكهربائية، تعلم الشركة التونسية للكهرباء و الغاز أنّه قد يتمّ اللجوء إلى
القطع الدوري للكهرباء ال
يوم
الاثنين 20 جويلية 2026
، خلال الفترة المتراوحة
بين
الساعة العاشرة صباحا و الساعة الخامسة مساءا
،
وعلى فترات متقطّعة
، وعلى فترات متقطّعة، على مستوى المناطق التالية :
المحرس
الغريبة
الصخيرة
بير علي
عقارب
منزل شاكر
الحنشة
الغرابة
العامرة
وسط مدينة صفاقس
مع عودة
الكهرباء دون سابق إعلام
. لذا، يُرجى اتخاذ التدابير الاحتياطية اللازمة
.
هذه القائمة ليست نهائية و يمكن أن تشمل مناطق أخرى.
*للتبليغ عن أي طارئ أو لطلب مزيد من المعلومات، تضع الشركة على ذمّة حرفائها رقم الخدمات التالي :
71.239.222
، كما يمكنهم الاتصال بأرقام الهاتف المذكورة على فاتورات الاستهلاك.",,2026-07-20,10:00,17:00,جهة صفاقس,المحرس; الغريبة; الصخيرة; بير علي; عقارب; منزل شاكر; الحنشة; الغرابة; العامرة; وسط مدينة صفاقس,2026-08-11 15:21:26
https://www.steg.com.tn/fr/news/623e25eb87f5,إشعار بانقطاع الكهرباء - ولاية صفاقس - 20:00 24/07/2026,"إشعار بانقطاع الكهرباء
ولاية صفاقس
في إطار الحفاظ على سلامة و ديمومة المنظومة الكهربائية، تعلم الشركة التونسية للكهرباء و الغاز أنّه قد يتمّ اللجوء إلى
القطع الدوري للكهرباء
اليوم الجمعة 24 جويلية 2026، خلال الفترة المتراوحة
بين الساعة الثامنة مساء و الساعة الحادية عشر ليلا
، وعلى فترات متقطّعة ، حسب ما تمليه علينا وضعية الشبكة، على مستوى المناطق التالية :
المحرس
بئر علي
العامرة
طينة
صفاقس الغربية
ساقية الزيت
ساقية الدائر
الشابة
ملولش
الغرابة
منزل شاكر
مع عودة
الكهرباء دون سابق إعلام
. لذا، يُرجى اتخاذ التدابير الوقائية اللازمة
.
هذه القائمة ليست نهائية و يمكن أن تشمل مناطق أخرى، مع إمكانية تجاوز الفترة المذكورة أعلاه حسب التطورات ومتطلبات التوازن بين الإنتاج و الاستهلاك.
*للتبليغ عن أي طارئ أو لطلب مزيد من المعلومات، تضع الشركة على ذمّة حرفائها رقم الخدمات التالي :
71.239.222
، كما يمكنهم الاتصال بأرقام الهاتف المذكورة على فواتير الاستهلاك.",,2026-07-24,20:00,23:00,جهة صفاقس,المحرس; بئر علي; العامرة; طينة; صفاقس الغربية; ساقية الزيت; ساقية الدائر; الشابة; ملولش; الغرابة; منزل شاكر,2026-08-11 15:21:26
https://www.steg.com.tn/fr/news/210a36ea3872,إشعار بانقطاع الكهرباء - جهة الشمال - 13:00 06/08/2026,"إشعار بانقطاع الكهرباء
جهة الشمال
في إطار الحفاظ على سلامة و ديمومة منظومتها الكهربائية، تعلم الشركة التونسية للكهرباء و الغاز أنّه قد يتمّ اللجوء إلى
القطع الدوري للكهرباء
اليوم الخميس 06 أوت 2026، خلال الفترة المتراوحة
بين الساعة الواحدة والساعة الرابعة بعد الزوال
،  وعلى فترات متقطّعة ، على أن لا تتجاوز ساعتين للفترة الواحدة ، حسب ما تمليه علينا وضعية الشبكة، و ذلك على مستوى المناطق التالية :
جهة الوطن القبلي
جهة زغوان
جهة بنزرت
الصمعة
قربة
بني خيار
المعمورة
قليبية
حمام الغزاز
الحمامات
منزل بوزلفة
منزل تميم
سليمان
تاكلسة
نابل
بني خلاد
تازركة
بوعشير
الزريبة
جبل الوسط
بئر مشارقة
الناظور
زغوان الشمالية
الفحص
جرزونة
ماطر
تينجة
الماتلين
منزل جميل
منزل عبد الرحمان
الزواوين
منزل بورقيبة
سجنان
الخيتمين
عوسجة
غار الملح
أوتيك
غزالة
مع عودة
الكهرباء
دون سابق إعلام
. لذا، يُرجى اتخاذ التدابير الوقائية اللازمة
.
هذه القائمة ليست نهائية و يمكن أن تشمل مناطق أخرى، حسب التطورات ومتطلبات التوازن بين الإنتاج و الاستهلاك.
*للتبليغ عن أي طارئ أو لطلب مزيد من المعلومات، تضع الشركة على ذمّة حرفائها رقم الخدمات التالي :
71.239.222
، كما يمكنهم الاتصال بأرقام الهاتف المذكورة على فواتير الاستهلاك.
وتتقدم الشركة باعتذارها عن هذا الإجراء الاستثنائي، وتعوّل على تفهم حرفائها الكرام وتعاونهم
.",,2026-08-06,01:00,13:00,جهة الشمال,جهة الوطن القبلي; جهة زغوان; جهة بنزرت; الصمعة; قربة; بني خيار; المعمورة; قليبية; حمام الغزاز; الحمامات; منزل بوزلفة; منزل تميم; سليمان; تاكلسة; نابل; بني خلاد; تازركة; بوعشير; الزريبة; جبل الوسط; بئر مشارقة; الناظور; زغوان الشمالية; الفحص; جرزونة; ماطر; تينجة; الماتلين; منزل جميل; منزل عبد الرحمان; الزواوين; منزل بورقيبة; سجنان; الخيتمين; عوسجة; غار الملح; أوتيك; غزالة,2026-08-11 15:21:26
https://www.steg.com.tn/fr/news/b49eb904b672,إشعار بانقطاع الكهرباء - جهة الجنوب الغربي - 18:00 23/07/2026,"إشعار بانقطاع الكهرباء
جهة الجنوب الغربي
في إطار الحفاظ على سلامة و ديمومة المنظومة الكهربائية، تعلم الشركة التونسية للكهرباء و الغاز أنّه قد يتمّ اللجوء إلى
القطع الدوري للكهرباء
اليوم الخميس 23 جويلية 2026، خلال الفترة المتراوحة
بين الساعة السادسة مساء والساعة منتصف الليل
، وعلى فترات متقطّعة ، حسب ما تمليه علينا وضعية الشبكة، على مستوى المناطق التالية :
السعيدة
خمودة بودرياس
سوق الجديد
الحمّار
اولاد حمد
حوامد
مكارم
قطرانة
الشخّار
فوسانة
حاسي لفريد
أولاد حفوز
السند
البهلولة
سبيطلة
حزوة
العيون
لعمايميّة
سيدي عيش
السبّالة
أم العظام
نفطة
بوليفة
صحراوي
ماجل بلعباس
دقاش
قفصة الشمالية
مع عودة
الكهرباء دون سابق إعلام
. لذا، يُرجى اتخاذ التدابير الاحتياطية اللازمة
.
هذه القائمة ليست نهائية و يمكن أن تشمل مناطق أخرى، مع إمكانية تجاوز الفترة المذكورة أعلاه حسب التطورات ومتطلبات التوازن بين الإنتاج و الاستهلاك.
*للتبليغ عن أي طارئ أو لطلب مزيد من المعلومات، تضع الشركة على ذمّة حرفائها رقم الخدمات التالي :
71.239.222
، كما يمكنهم الاتصال بأرقام الهاتف المذكورة على فواتير الاستهلاك.",,2026-07-23,18:00,00:00,جهة الجنوب,السعيدة; خمودة بودرياس; سوق الجديد; الحمّار; اولاد حمد; حوامد; مكارم; قطرانة; الشخّار; فوسانة; حاسي لفريد; أولاد حفوز; السند; البهلولة; سبيطلة; حزوة; العيون; لعمايميّة; سيدي عيش; السبّالة; أم العظام; نفطة; بوليفة; صحراوي; ماجل بلعباس; دقاش; قفصة الشمالية,2026-08-11 15:21:26
https://www.steg.com.tn/fr/news/1b1d005eb613,إشعار بانقطاع الكهرباء - جهة تونس الكبرى - 17:00 20/07/2026,"إشعار بانقطاع الكهرباء
جهة تونس الكبرى
في إطار الحفاظ على سلامة و ديمومة المنظومة الكهربائية، تعلم الشركة التونسية للكهرباء و الغاز أنّه قد يتمّ اللجوء إلى
القطع الدوري للكهرباء ال
يوم
الاثنين 20 جويلية 2026
، خلال الفترة المتراوحة
بين
الساعة الخامسة مساء و الساعة منتصف الليل،
وعلى فترات متقطّعة
، على مستوى المناطق التالية :
المنازه
المنارات
عين زغوان
حدائق قرطاج
قصر السعيد
الكرم
حلق الوادي
طبربة
الجديدة
سيدي ثابت
برج الطويل
مع عودة
الكهرباء دون سابق إعلام
. لذا، يُرجى اتخاذ التدابير الاحتياطية اللازمة
.
هذه القائمة ليست نهائية و يمكن أن تشمل مناطق أخرى.
*للتبليغ عن أي طارئ أو لطلب مزيد من المعلومات، تضع الشركة على ذمّة حرفائها رقم الخدمات التالي :
71.239.222
، كما يمكنهم الاتصال بأرقام الهاتف المذكورة على فاتورات الاستهلاك.",,2026-07-20,17:00,00:00,جهة تونس الكبرى,المنازه; المنارات; عين زغوان; حدائق قرطاج; قصر السعيد; الكرم; حلق الوادي; طبربة; الجديدة; سيدي ثابت; برج الطويل,2026-08-11 15:21:26
https://www.steg.com.tn/fr/news/9617eb1efc11,إشعار بانقطاع الكهرباء - جهة الشمال الغربي - 12:00 21/07/2026,"إشعار بانقطاع الكهرباء
جهة الشمال الغربي
في إطار الحفاظ على سلامة و ديمومة المنظومة الكهربائية، تعلم الشركة التونسية للكهرباء و الغاز أنّه قد يتمّ اللجوء إلى
القطع الدوري للكهرباء ال
يوم
الثلاثاء 21 جويلية 2026
، خلال الفترة المتراوحة
بين
الساعة منتصف النهار و الساعة العاشرة ليلا
،
وعلى فترات متقطّعة
، على مستوى المناطق التالية :
مكثر
الجريصة
الدهماني
شمتو
وادي مليز
الكريب
قبلاط
القلعة الخصبة
سيدي اسماعيل
نفزة
الروحية
بوعرادة
العروسية
مع عودة
الكهرباء دون سابق إعلام
. لذا، يُرجى اتخاذ التدابير الاحتياطية اللازمة
.
هذه القائمة ليست نهائية و يمكن أن تشمل مناطق أخرى.
*للتبليغ عن أي طارئ أو لطلب مزيد من المعلومات، تضع الشركة على ذمّة حرفائها رقم الخدمات التالي :
71.239.222
، كما يمكنهم الاتصال بأرقام الهاتف المذكورة على فاتورات الاستهلاك.",,2026-07-21,12:00,22:00,جهة الشمال,مكثر; الجريصة; الدهماني; شمتو; وادي مليز; الكريب; قبلاط; القلعة الخصبة; سيدي اسماعيل; نفزة; الروحية; بوعرادة; العروسية,2026-08-11 15:21:26
https://www.steg.com.tn/fr/news/3c9fbd9fb871,إشعار بانقطاع الكهرباء - جهة الشمال - 20:00 24/07/2026,"إشعار بانقطاع الكهرباء
جهة الشمال
في إطار الحفاظ على سلامة و ديمومة المنظومة الكهربائية، تعلم الشركة التونسية للكهرباء و الغاز أنّه قد يتمّ اللجوء إلى
القطع الدوري للكهرباء
اليوم الجمعة 24 جويلية 2026، خلال الفترة المتراوحة
بين الساعة الثامنة مساء و الساعة الحادية عشر ليلا
، وعلى فترات متقطّعة ، حسب ما تمليه علينا وضعية الشبكة، على مستوى المناطق التالية :
جهة الوطن القبلي
جهة زغوان
جهة بنزرت
عين كميشة
قربة
بني خيار
المعمورة
قليبية
حمام لغزاز
تاكلسة
بني خلاد
الفحص
صوّاف
الزريبة
الناظور
سجنان
راس الجبل
غزالة
جرزونة
أوتيك
الماتلين
مع عودة
الكهرباء دون سابق إعلام
. لذا، يُرجى اتخاذ التدابير الوقائية اللازمة
.
هذه القائمة ليست نهائية و يمكن أن تشمل مناطق أخرى، مع إمكانية تجاوز الفترة المذكورة أعلاه حسب التطورات ومتطلبات التوازن بين الإنتاج و الاستهلاك.
*للتبليغ عن أي طارئ أو لطلب مزيد من المعلومات، تضع الشركة على ذمّة حرفائها رقم الخدمات التالي :
71.239.222
، كما يمكنهم الاتصال بأرقام الهاتف المذكورة على فواتير الاستهلاك.",,2026-07-24,20:00,23:00,جهة الشمال,جهة الوطن القبلي; جهة زغوان; جهة بنزرت; عين كميشة; قربة; بني خيار; المعمورة; قليبية; حمام لغزاز; تاكلسة; بني خلاد; الفحص; صوّاف; الزريبة; الناظور; سجنان; راس الجبل; غزالة; جرزونة; أوتيك; الماتلين,2026-08-11 15:21:26
https://www.steg.com.tn/fr/news/059e5eedad19,إشعار بانقطاع الكهرباء - جهة الشمال الغربي - 12:30 05/08/2026,"إشعار بانقطاع الكهرباء
جهة الشمال الغربي
في إطار الحفاظ على سلامة و ديمومة منظومتها الكهربائية، تعلم الشركة التونسية للكهرباء و الغاز أنّه قد يتمّ اللجوء إلى
القطع الدوري للكهرباء
اليوم الأربعاء 05 أوت 2026، خلال الفترة المتراوحة
بين الساعة منتصف النهار و النصف و الساعة الخامسة مساء
،  وعلى فترات متقطّعة ، على أن لا تتجاوز ساعتين للفترة الواحدة ، حسب ما تمليه علينا وضعية الشبكة، و ذلك على مستوى المناطق التالية :
مجاز الباب
وشتاتة
الروحية
بوسالم
قبلاط
القلعة الخصباء
سيدي اسماعيل
مكثر
غار الدماء
نفزة
قعفور
شمتو
وادي مليز
نبّر
تاجروين
الجريصة
مع عودة
الكهرباء
دون سابق إعلام
. لذا، يُرجى اتخاذ التدابير الوقائية اللازمة
.
هذه القائمة ليست نهائية و يمكن أن تشمل مناطق أخرى، حسب التطورات ومتطلبات التوازن بين الإنتاج و الاستهلاك.
*للتبليغ عن أي طارئ أو لطلب مزيد من المعلومات، تضع الشركة على ذمّة حرفائها رقم الخدمات التالي :
71.239.222
، كما يمكنهم الاتصال بأرقام الهاتف المذكورة على فواتير الاستهلاك.
وتتقدم الشركة باعتذارها عن هذا الإجراء الاستثنائي، وتعوّل على تفهم حرفائها الكرام وتعاونهم
.",,2026-08-05,12:00,13:00,جهة الشمال,مجاز الباب; وشتاتة; الروحية; بوسالم; قبلاط; القلعة الخصباء; سيدي اسماعيل; مكثر; غار الدماء; نفزة; قعفور; شمتو; وادي مليز; نبّر; تاجروين; الجريصة,2026-08-11 15:21:26
https://www.steg.com.tn/fr/news/48d363e2355d,إشعار بانقطاع الكهرباء - جهة تونس الكبرى - 12:30 05/08/2026,"إشعار بانقطاع الكهرباء
جهة تونس الكبرى
في إطار الحفاظ على سلامة و ديمومة منظومتها الكهربائية، تعلم الشركة التونسية للكهرباء و الغاز أنّه قد يتمّ اللجوء إلى
القطع الدوري للكهرباء
اليوم الأربعاء 05 أوت 2026، خلال الفترة المتراوحة
بين الساعة منتصف النهار و النصف و الساعة الخامسة مساء
،  وعلى فترات متقطّعة ، على أن لا تتجاوز ساعتين للفترة الواحدة ، حسب ما تمليه علينا وضعية الشبكة، و ذلك على مستوى المناطق التالية :
النصر
حدائق المنزه
البحيرة
سكرة
سيدي فرج
المدينة الجديدة
برج الطويل
صنهاجة
حلق الوادي
المروج
بن عروس
مقرين
عين زغوان
الجديدة
الزهراء
برج السدرية
الكرم
حمام الأنف
منوبة
مع عودة
الكهرباء
دون سابق إعلام
. لذا، يُرجى اتخاذ التدابير الوقائية اللازمة
.
هذه القائمة ليست نهائية و يمكن أن تشمل مناطق أخرى، حسب التطورات ومتطلبات التوازن بين الإنتاج و الاستهلاك.
*للتبليغ عن أي طارئ أو لطلب مزيد من المعلومات، تضع الشركة على ذمّة حرفائها رقم الخدمات التالي :
71.239.222
، كما يمكنهم الاتصال بأرقام الهاتف المذكورة على فواتير الاستهلاك.
وتتقدم الشركة باعتذارها عن هذا الإجراء الاستثنائي، وتعوّل على تفهم حرفائها الكرام وتعاونهم
.",,2026-08-05,12:00,13:00,جهة تونس الكبرى,النصر; حدائق المنزه; البحيرة; سكرة; سيدي فرج; المدينة الجديدة; برج الطويل; صنهاجة; حلق الوادي; المروج; بن عروس; مقرين; عين زغوان; الجديدة; الزهراء; برج السدرية; الكرم; حمام الأنف; منوبة,2026-08-11 15:21:26
https://www.steg.com.tn/fr/news/f1c4e1f8b643,إشعار بانقطاع الكهرباء - جهة الوسط - 20:00 24/07/2026,"إشعار بانقطاع الكهرباء
جهة الوسط
في إطار الحفاظ على سلامة و ديمومة المنظومة الكهربائية، تعلم الشركة التونسية للكهرباء و الغاز أنّه قد يتمّ اللجوء إلى
القطع الدوري للكهرباء
اليوم الجمعة 24 جويلية 2026، خلال الفترة المتراوحة
بين الساعة الثامنة مساء و الساعة الحادية عشر ليلا
، وعلى فترات متقطّعة ، حسب ما تمليه علينا وضعية الشبكة، على مستوى المناطق التالية :
منزل المهيري
أولاد عاشور
السهيلات
السبيبة
العلا
النفيضة
هرقلة
بوفيشة
المنطقة الصناعيّة بالنفيضة
حمّام سوسة
أكودة
الحي الجامعي
القلعة الصغيرة
جمّال
قصر هلال
صيّادة
مع عودة
الكهرباء دون سابق إعلام
. لذا، يُرجى اتخاذ التدابير الوقائية اللازمة
.
هذه القائمة ليست نهائية و يمكن أن تشمل مناطق أخرى، مع إمكانية تجاوز الفترة المذكورة أعلاه حسب التطورات ومتطلبات التوازن بين الإنتاج و الاستهلاك.
*للتبليغ عن أي طارئ أو لطلب مزيد من المعلومات، تضع الشركة على ذمّة حرفائها رقم الخدمات التالي :
71.239.222
، كما يمكنهم الاتصال بأرقام الهاتف المذكورة على فواتير الاستهلاك.",,2026-07-24,20:00,23:00,جهة الوسط,منزل المهيري; أولاد عاشور; السهيلات; السبيبة; العلا; النفيضة; هرقلة; بوفيشة; المنطقة الصناعيّة بالنفيضة; حمّام سوسة; أكودة; الحي الجامعي; القلعة الصغيرة; جمّال; قصر هلال; صيّادة,2026-08-11 15:21:26
https://www.steg.com.tn/fr/news/8cc406c64a7b,إشعار بانقطاع الكهرباء - جهة الجنوب - 06:00 21/07/2026,"إشعار بانقطاع الكهرباء
جهة الجنوب
في إطار الحفاظ على سلامة و ديمومة المنظومة الكهربائية، تعلم الشركة التونسية للكهرباء و الغاز أنّه قد يتمّ اللجوء إلى
القطع الدوري للكهرباء
اليوم الثلاثاء 21 جويلية 2026، خلال الفترة المتراوحة
بين الساعة السادسة صباحا والساعة منتصف النهار
،
وعلى فترات متقطّعة
، على مستوى المناطق التالية :
جهة قابس
جربة
قبلي
تطاوين
جرجيس - بنقردان
مدنين
- حي الزهور
- حي الممرضين (الفرملية)
-الشماطي
- حي محمد علي
- المطوية
- مطماطة
- حومة السوق
- ميدون
- قبلي الشمالية
- جمنة
- سعيدان
- غيدمة
- رجيم معتوق
- تطاوين الجديدة
- حي واد القمح
- الزهراء
- غمراسن
- حي طريق مدنين
- جرجيس المدينة
- البساتين
- الخرّوبة
- الزكرة
- الشهبانية
- حي طريق تطاوين
- حي الجندلي
- بن غزيّل
- سيدي مخلوف
مع عودة
الكهرباء دون سابق إعلام
. لذا، يُرجى اتخاذ التدابير الاحتياطية اللازمة
.
هذه القائمة ليست نهائية و يمكن أن تشمل مناطق أخرى.
*للتبليغ عن أي طارئ أو لطلب مزيد من المعلومات، تضع الشركة على ذمّة حرفائها رقم الخدمات التالي :
71.239.222
، كما يمكنهم الاتصال بأرقام الهاتف المذكورة على فاتورات الاستهلاك.",,2026-07-21,06:00,12:00,جهة الجنوب,جهة قابس; جربة; قبلي; تطاوين; جرجيس - بنقردان; مدنين; حي الزهور; حي الممرضين (الفرملية); الشماطي; حي محمد علي; المطوية; مطماطة; حومة السوق; ميدون; قبلي الشمالية; جمنة; سعيدان; غيدمة; رجيم معتوق; تطاوين الجديدة; حي واد القمح; الزهراء; غمراسن; حي طريق مدنين; جرجيس المدينة; البساتين; الخرّوبة; الزكرة; الشهبانية; حي طريق تطاوين; حي الجندلي; بن غزيّل; سيدي مخلوف,2026-08-11 15:21:26
https://www.steg.com.tn/fr/news/2238dded0769,إشعار بانقطاع الكهرباء - ولاية صفاقس - 12:00 21/07/2026,"إشعار بانقطاع الكهرباء
ولاية صفاقس
في إطار الحفاظ على سلامة و ديمومة المنظومة الكهربائية، تعلم الشركة التونسية للكهرباء و الغاز أنّه قد يتمّ اللجوء إلى
القطع الدوري للكهرباء
الثلاثاء 21 جويلية 2026
، خلال الفترة المتراوحة
بين
الساعة منتصف النهار والساعة العاشرة ليلا،
وعلى فترات متقطّعة
، على مستوى المناطق التالية :
المحرس
الغريبة
الصخيرة
بير علي
عقارب
منزل شاكر
الحنشة
العامرة
وسط مدينة صفاقس
جبنيانة
طينة
صفاقس الغربية
ساقية الزيت
ساقية الداير
الشابة
ملولش
مع عودة
الكهرباء دون سابق إعلام
. لذا، يُرجى اتخاذ التدابير الاحتياطية اللازمة
.
هذه القائمة ليست نهائية و يمكن أن تشمل مناطق أخرى.
*للتبليغ عن أي طارئ أو لطلب مزيد من المعلومات، تضع الشركة على ذمّة حرفائها رقم الخدمات التالي :
71.239.222
، كما يمكنهم الاتصال بأرقام الهاتف المذكورة على فاتورات الاستهلاك.",,2026-07-21,12:00,22:00,جهة صفاقس,المحرس; الغريبة; الصخيرة; بير علي; عقارب; منزل شاكر; الحنشة; العامرة; وسط مدينة صفاقس; جبنيانة; طينة; صفاقس الغربية; ساقية الزيت; ساقية الداير; الشابة; ملولش,2026-08-11 15:21:26
https://www.steg.com.tn/fr/news/dff4711fa9ab,إشعار بانقطاع الكهرباء - جهة الوسط - 11:00 24/07/2026,"إشعار بانقطاع الكهرباء
جهة الوسط
في إطار الحفاظ على سلامة و ديمومة المنظومة الكهربائية، تعلم الشركة التونسية للكهرباء و الغاز أنّه قد يتمّ اللجوء إلى
القطع الدوري للكهرباء
اليوم الجمعة 24 جويلية 2026، خلال الفترة المتراوحة
بين الساعة الحادية عشر صباحا و الساعة الخامسة مساء
، وعلى فترات متقطّعة ، حسب ما تمليه علينا وضعية الشبكة، على مستوى المناطق التالية :
رقّادة
بوحجلة
عين جلولة
نصر الله
منزل المهيري
أولاد عاشور
السهيلات
السبيبة
العلا
النفيضة
هرقلة
بوفيشة
المنطقة الصناعيّة بالنفيضة
حمّام سوسة
أكودة
الحي الجامعي
القلعة الصغيرة
قصر لمسة
جمّال
قصر هلال
صيّادة
زاوية قنطش
بنبلة
مساكن
بوحجر
زاوية سوسة
الساحلين
منزل كامل
المكنين
الشابّة
البقالطة
شربان
رجيش
السواسي
كركر
سيدي بوعلي
القلعة الكبيرة
الرياض
خزامة
سهلول3
أولاد الشامخ
المنطقة الصناعيّة الجم
بنان
طوزة
شتيوين
مع عودة
الكهرباء دون سابق إعلام
. لذا، يُرجى اتخاذ التدابير الاحتياطية اللازمة
.
هذه القائمة ليست نهائية و يمكن أن تشمل مناطق أخرى، مع إمكانية تجاوز الفترة المذكورة أعلاه حسب التطورات ومتطلبات التوازن بين الإنتاج و الاستهلاك.
*للتبليغ عن أي طارئ أو لطلب مزيد من المعلومات، تضع الشركة على ذمّة حرفائها رقم الخدمات التالي :
71.239.222
، كما يمكنهم الاتصال بأرقام الهاتف المذكورة على فواتير الاستهلاك.",,2026-07-24,11:00,03:00,جهة الوسط,رقّادة; بوحجلة; عين جلولة; نصر الله; منزل المهيري; أولاد عاشور; السهيلات; السبيبة; العلا; النفيضة; هرقلة; بوفيشة; المنطقة الصناعيّة بالنفيضة; حمّام سوسة; أكودة; الحي الجامعي; القلعة الصغيرة; قصر لمسة; جمّال; قصر هلال; صيّادة; زاوية قنطش; بنبلة; مساكن; بوحجر; زاوية سوسة; الساحلين; منزل كامل; المكنين; الشابّة; البقالطة; شربان; رجيش; السواسي; كركر; سيدي بوعلي; القلعة الكبيرة; الرياض; خزامة; سهلول3; أولاد الشامخ; المنطقة الصناعيّة الجم; بنان; طوزة; شتيوين,2026-08-11 15:21:26
https://www.steg.com.tn/fr/news/b91a28897393,إشعار بانقطاع الكهرباء - جهة الجنوب - 17:00 20/07/2026,"إشعار بانقطاع الكهرباء
جهة الجنوب
في إطار الحفاظ على سلامة و ديمومة المنظومة الكهربائية، تعلم الشركة التونسية للكهرباء و الغاز أنّه قد يتمّ اللجوء إلى
القطع الدوري للكهرباء ال
يوم
الاثنين 20 جويلية 2026
، خلال الفترة المتراوحة
بين
الساعة الخامسة مساء و الساعة منتصف الليل،
وعلى فترات متقطّعة
، على مستوى المناطق التالية :
جهة قابس
جهة  جربة
جهة قبلي
جهة تطاوين
جهة جرجيس / بنقردان
جهة مدنين
- حي حشاد
- حي الأمل
- مطماطة
- العكاريت
-الزارات
- الساقية
- المحبوبين
- سدويكش
- أجيم
- نقة
- ليماقس
- النزلة
- القلعة
- زعفران
- النويل
- الزهراء
- غمراسن
- رمادة
- حي المهرجان
- السويحل
- الشهبانية
- الموانسة
- حي مارس
- معمرات
- حي النسيم
- الشرايحة
- حي النور
- الرقوبة
- حريش
مع عودة
الكهرباء دون سابق إعلام
. لذا، يُرجى اتخاذ التدابير الاحتياطية اللازمة
.
هذه القائمة ليست نهائية و يمكن أن تشمل مناطق أخرى.
*للتبليغ عن أي طارئ أو لطلب مزيد من المعلومات، تضع الشركة على ذمّة حرفائها رقم الخدمات التالي :
71.239.222
، كما يمكنهم الاتصال بأرقام الهاتف المذكورة على فاتورات الاستهلاك.",,2026-07-20,17:00,00:00,جهة الجنوب,جهة قابس; جهة جربة; جهة قبلي; جهة تطاوين; جهة جرجيس / بنقردان; جهة مدنين; حي حشاد; حي الأمل; مطماطة; العكاريت; الزارات; الساقية; المحبوبين; سدويكش; أجيم; نقة; ليماقس; النزلة; القلعة; زعفران; النويل; الزهراء; غمراسن; رمادة; حي المهرجان; السويحل; الشهبانية; الموانسة; حي مارس; معمرات; حي النسيم; الشرايحة; حي النور; الرقوبة; حريش,2026-08-11 15:21:26
https://www.steg.com.tn/fr/news/2c6a0ef43356,إشعار بانقطاع الكهرباء - جهة الشمال - 12:00 03/08/2026,"إشعار بانقطاع الكهرباء
جهة الشمال
في إطار الحفاظ على سلامة و ديمومة منظومتها الكهربائية، تعلم الشركة التونسية للكهرباء و الغاز أنّه قد يتمّ اللجوء إلى
القطع الدوري للكهرباء
اليوم الاثنين 03 أوت 2026، خلال الفترة المتراوحة
بين الساعة منتصف النهار و الساعة الخامسة مساء
،  وعلى فترات متقطّعة ، على أن لا تتجاوز ساعتين للفترة الواحدة ، حسب ما تمليه علينا وضعية الشبكة، على مستوى المناطق التالية :
جهة الوطن القبلي
جهة زغوان
جهة بنزرت
الصمعة
قربة
بني خيار
المعمورة
قليبية
منزل تميم
نابل
المرازقة
الزريبة
جبل الوسط
بئر مشارقة
الناظور
زغوان الجنوبية
منزل عبد الرحمان
الزواوين
عوسجة
غار الملح
أوتيك
ماتلين
سجنان
الخيتمين
جرزونة
مع عودة
الكهرباء
دون سابق إعلام
. لذا، يُرجى اتخاذ التدابير الوقائية اللازمة
.
هذه القائمة ليست نهائية و يمكن أن تشمل مناطق أخرى، حسب التطورات ومتطلبات التوازن بين الإنتاج و الاستهلاك.
*للتبليغ عن أي طارئ أو لطلب مزيد من المعلومات، تضع الشركة على ذمّة حرفائها رقم الخدمات التالي :
71.239.222
، كما يمكنهم الاتصال بأرقام الهاتف المذكورة على فواتير الاستهلاك.
وتتقدم الشركة باعتذارها عن هذا الإجراء الاستثنائي، وتعوّل على تفهم حرفائها الكرام وتعاونهم
.",,2026-08-03,12:00,13:00,جهة الشمال,جهة الوطن القبلي; جهة زغوان; جهة بنزرت; الصمعة; قربة; بني خيار; المعمورة; قليبية; منزل تميم; نابل; المرازقة; الزريبة; جبل الوسط; بئر مشارقة; الناظور; زغوان الجنوبية; منزل عبد الرحمان; الزواوين; عوسجة; غار الملح; أوتيك; ماتلين; سجنان; الخيتمين; جرزونة,2026-08-11 15:21:26
https://www.steg.com.tn/fr/news/bfe71ef54bc3,إشعار بانقطاع الكهرباء - جهة تونس الكبرى - 18:00 23/07/2026,"إشعار بانقطاع الكهرباء
جهة تونس الكبرى
في إطار الحفاظ على سلامة و ديمومة المنظومة الكهربائية، تعلم الشركة التونسية للكهرباء و الغاز أنّه قد يتمّ اللجوء إلى
القطع الدوري للكهرباء
اليوم الخميس 23 جويلية 2026، خلال الفترة المتراوحة
بين الساعة السادسة مساء والساعة منتصف الليل
، وعلى فترات متقطّعة ، حسب ما تمليه علينا وضعية الشبكة، على مستوى المناطق التالية :
تونس
بن عروس
المدينة الجديدة
البحيرة
رادس
فوشانة
المغيرة
برج السدرية
سكرة
المروج
صنهاجة
رياض الأندلس
أريانة
منوبة
مع عودة
الكهرباء دون سابق إعلام
. لذا، يُرجى اتخاذ التدابير الاحتياطية اللازمة
.
هذه القائمة ليست نهائية و يمكن أن تشمل مناطق أخرى، مع إمكانية تجاوز الفترة المذكورة أعلاه حسب التطورات ومتطلبات التوازن بين الإنتاج و الاستهلاك.
*للتبليغ عن أي طارئ أو لطلب مزيد من المعلومات، تضع الشركة على ذمّة حرفائها رقم الخدمات التالي :
71.239.222
، كما يمكنهم الاتصال بأرقام الهاتف المذكورة على فواتير الاستهلاك.",,2026-07-23,18:00,00:00,جهة تونس الكبرى,تونس; بن عروس; المدينة الجديدة; البحيرة; رادس; فوشانة; المغيرة; برج السدرية; سكرة; المروج; صنهاجة; رياض الأندلس; أريانة; منوبة,2026-08-11 15:21:26
https://www.steg.com.tn/fr/news/ce569909830c,إشعار بانقطاع الكهرباء - جهة الجنوب - 12:30 05/08/2026,"إشعار بانقطاع الكهرباء
جهة الجنوب
في إطار الحفاظ على سلامة و ديمومة منظومتها الكهربائية، تعلم الشركة التونسية للكهرباء و الغاز أنّه قد يتمّ اللجوء إلى
القطع الدوري للكهرباء
اليوم الأربعاء 05 أوت 2026، خلال الفترة المتراوحة
بين الساعة منتصف النهار و النصف و الساعة الخامسة مساء
،  وعلى فترات متقطّعة ، على أن لا تتجاوز ساعتين للفترة الواحدة ، حسب ما تمليه علينا وضعية الشبكة، و ذلك على مستوى المناطق التالية :
جهة قابس
جربة
قبلي
تطاوين
جرجيس - بنقردان
مدنين
- حي الازدهار
- حي الزهور
- المنزل
- جارة
- وذرف
- المطوية
- منزل الحبيب
- الحامة
- مارث
- مطماطة
-حومة السوق
- ميدون
- أغير
- سدويكش
- الساقية
- قلالة
- التلات
- ربّانة
-النزلة
- سوق الأحد
- قبلي
- جمنة
- دوز
- القلعة
- الفوّار
- زعفران
- نويل
-تطاوين الجديدة
- حي المهرجان
- الصمار
- غمراسن
- بير الأحمر
- رمادة
- الذهيبة
- الزهراء
-الشمّاخ
- البساتين
- الموانسة
- السويحل
- جلال
- حي مارس
- النفاتية
- الشهبانية
-حي النور
- الدرغولية
- بوغرارة
- حريش
- بني خداش
- حسي عمر
- السويطير
مع عودة
الكهرباء
دون سابق إعلام
. لذا، يُرجى اتخاذ التدابير الوقائية اللازمة
.
هذه القائمة ليست نهائية و يمكن أن تشمل مناطق أخرى، حسب التطورات ومتطلبات التوازن بين الإنتاج و الاستهلاك.
*للتبليغ عن أي طارئ أو لطلب مزيد من المعلومات، تضع الشركة على ذمّة حرفائها رقم الخدمات التالي :
71.239.222
، كما يمكنهم الاتصال بأرقام الهاتف المذكورة على فواتير الاستهلاك.
وتتقدم الشركة باعتذارها عن هذا الإجراء الاستثنائي، وتعوّل على تفهم حرفائها الكرام وتعاونهم
.",,2026-08-05,12:00,13:00,جهة الجنوب,جهة قابس; جربة; قبلي; تطاوين; جرجيس - بنقردان; مدنين; حي الازدهار; حي الزهور; المنزل; جارة; وذرف; المطوية; منزل الحبيب; الحامة; مارث; مطماطة; حومة السوق; ميدون; أغير; سدويكش; الساقية; قلالة; التلات; ربّانة; النزلة; سوق الأحد; قبلي; جمنة; دوز; القلعة; الفوّار; زعفران; نويل; تطاوين الجديدة; حي المهرجان; الصمار; غمراسن; بير الأحمر; رمادة; الذهيبة; الزهراء; الشمّاخ; البساتين; الموانسة; السويحل; جلال; حي مارس; النفاتية; الشهبانية; حي النور; الدرغولية; بوغرارة; حريش; بني خداش; حسي عمر; السويطير,2026-08-11 15:21:26
https://www.steg.com.tn/fr/news/e8c0d9d77f56,إشعار بانقطاع الكهرباء - جهة الجنوب الغربي - 12:00 03/08/2026,"إشعار بانقطاع الكهرباء
جهة الجنوب الغربي
في إطار الحفاظ على سلامة و ديمومة منظومتها الكهربائية، تعلم الشركة التونسية للكهرباء و الغاز أنّه قد يتمّ اللجوء إلى
القطع الدوري للكهرباء
اليوم الاثنين 03 أوت 2026، خلال الفترة المتراوحة
بين الساعة منتصف النهار و الساعة الخامسة مساء
،  وعلى فترات متقطّعة ، على أن لا تتجاوز ساعتين للفترة الواحدة ، حسب ما تمليه علينا وضعية الشبكة، على مستوى المناطق التالية :
نصر اللّه
بئر الحفي
المكارم
دقاش
أم العظام
بوزقام
السبالة
سوق جديد
الروحية
الرقاب
الفج
قفصة الشمالية
مع عودة
الكهرباء
دون سابق إعلام
. لذا، يُرجى اتخاذ التدابير الوقائية اللازمة
.
هذه القائمة ليست نهائية و يمكن أن تشمل مناطق أخرى، حسب التطورات ومتطلبات التوازن بين الإنتاج و الاستهلاك.
*للتبليغ عن أي طارئ أو لطلب مزيد من المعلومات، تضع الشركة على ذمّة حرفائها رقم الخدمات التالي :
71.239.222
، كما يمكنهم الاتصال بأرقام الهاتف المذكورة على فواتير الاستهلاك.
وتتقدم الشركة باعتذارها عن هذا الإجراء الاستثنائي، وتعوّل على تفهم حرفائها الكرام وتعاونهم
.",,2026-08-03,12:00,13:00,جهة الجنوب,نصر اللّه; بئر الحفي; المكارم; دقاش; أم العظام; بوزقام; السبالة; سوق جديد; الروحية; الرقاب; الفج; قفصة الشمالية,2026-08-11 15:21:26
https://www.steg.com.tn/fr/news/53e963ee5479,إشعار بانقطاع الكهرباء - جهة الجنوب - 11:00 23/07/2026,"إشعار بانقطاع الكهرباء
جهة الجنوب
في إطار الحفاظ على سلامة و ديمومة المنظومة الكهربائية، تعلم الشركة التونسية للكهرباء و الغاز أنّه قد يتمّ اللجوء إلى
القطع الدوري للكهرباء
اليوم الخميس 23 جويلية 2026، خلال الفترة المتراوحة
بين الساعة الحادية عشر صباحا والساعة الخامسة مساء
،
وعلى فترات متقطّعة
، على مستوى المناطق التالية :
جهة قابس
جربة
قبلي
تطاوين
جرجيس - بنقردان
مدنين
-جارة
- المنزل
- حي الأمل
- حي الازدهار
- الحامّة
- مارث
- الزارات
- كتانة
- مطماطة
-حومة السوق
- ميدون
- إيليس
- محراب
- ربانة
أجيم
- الساقية
-راس العين
- النزلة
- جنعورة
- جمنة
- القلعة
- الفوّار
- دوز
- زعفران
- نويل
-الزهراء
- رمادة
- غمراسن
- تطاوين الجديدة
- حي المهرجان
-الشمّاخ
- الزاوية
- البساتين
- الموانسة
- جرجيس المدينة
- الشهبانية
- جلال
- الجميلة
- حي مارس
-حسي عمر
- الدرغولية
- حي طريق تطاوين
- حي النّور
- كوتين
- بني خداش
- بوغرارة
مع عودة
الكهرباء دون سابق إعلام
. لذا، يُرجى اتخاذ التدابير الاحتياطية اللازمة
.
هذه القائمة ليست نهائية و يمكن أن تشمل مناطق أخرى.
*للتبليغ عن أي طارئ أو لطلب مزيد من المعلومات، تضع الشركة على ذمّة حرفائها رقم الخدمات التالي :
71.239.222
، كما يمكنهم الاتصال بأرقام الهاتف المذكورة على فاتورات الاستهلاك.",,2026-07-23,11:00,17:00,جهة الجنوب,جهة قابس; جربة; قبلي; تطاوين; جرجيس - بنقردان; مدنين; جارة; المنزل; حي الأمل; حي الازدهار; الحامّة; مارث; الزارات; كتانة; مطماطة; حومة السوق; ميدون; إيليس; محراب; ربانة; أجيم; الساقية; راس العين; النزلة; جنعورة; جمنة; القلعة; الفوّار; دوز; زعفران; نويل; الزهراء; رمادة; غمراسن; تطاوين الجديدة; حي المهرجان; الشمّاخ; الزاوية; البساتين; الموانسة; جرجيس المدينة; الشهبانية; جلال; الجميلة; حي مارس; حسي عمر; الدرغولية; حي طريق تطاوين; حي النّور; كوتين; بني خداش; بوغرارة,2026-08-11 15:21:26
https://www.steg.com.tn/fr/news/54731a991f94,إشعار بانقطاع الكهرباء - جهة الوسط - 17:00 20/07/2026,"إشعار بانقطاع الكهرباء
جهة الوسط
في إطار الحفاظ على سلامة و ديمومة المنظومة الكهربائية، تعلم الشركة التونسية للكهرباء و الغاز أنّه قد يتمّ اللجوء إلى
القطع الدوري للكهرباء ال
يوم
الاثنين 20 جويلية 2026
، خلال الفترة المتراوحة
بين
الساعة الخامسة مساء و الساعة منتصف الليل
،
وعلى فترات متقطّعة
، على مستوى المناطق التالية :
رقادة
بوحجلة
عين جلولة
نصر الّله
منزل المهيري
أولاد عاشور
السهيلات
السبيبة
العلا
النفيضة
هرقلة
بوفيشة
المنطقة الصناعية بالنفيضة
حمام سوسة
أكودة
الحي الجامعي
القلعة الصغيرة
قصر لمسة
جمّال
قصر هلال
صيّادة
زاوية قنطش
بمبلة
مساكن
بوحجر
زاوية سوسة
الساحلين
منزل كامل
المكنين
الشابة
بنّان
البقالطة
شربان
رجيش
السواسي
كركر
سيدي بوعلي
القلعة الكبيرة
الرياض
خزامة
سهلول 3
أولاد الشامخ
المنطقة الصناعية الجم
شتيوين
توزة
مع عودة
الكهرباء دون سابق إعلام
. لذا، يُرجى اتخاذ التدابير الاحتياطية اللازمة
.
هذه القائمة ليست نهائية و يمكن أن تشمل مناطق أخرى.
*للتبليغ عن أي طارئ أو لطلب مزيد من المعلومات، تضع الشركة على ذمّة حرفائها رقم الخدمات التالي :
71.239.222
، كما يمكنهم الاتصال بأرقام الهاتف المذكورة على فاتورات الاستهلاك.",,2026-07-20,17:00,00:00,جهة الوسط,رقادة; بوحجلة; عين جلولة; نصر الّله; منزل المهيري; أولاد عاشور; السهيلات; السبيبة; العلا; النفيضة; هرقلة; بوفيشة; المنطقة الصناعية بالنفيضة; حمام سوسة; أكودة; الحي الجامعي; القلعة الصغيرة; قصر لمسة; جمّال; قصر هلال; صيّادة; زاوية قنطش; بمبلة; مساكن; بوحجر; زاوية سوسة; الساحلين; منزل كامل; المكنين; الشابة; بنّان; البقالطة; شربان; رجيش; السواسي; كركر; سيدي بوعلي; القلعة الكبيرة; الرياض; خزامة; سهلول 3; أولاد الشامخ; المنطقة الصناعية الجم; شتيوين; توزة,2026-08-11 15:21:27
https://www.steg.com.tn/fr/news/cdf2258b1a35,إشعار بانقطاع الكهرباء - جهة الجنوب الغربي - 18:00 22/07/2026,"إشعار بانقطاع الكهرباء
جهة الجنوب الغربي
في إطار الحفاظ على سلامة و ديمومة المنظومة الكهربائية، تعلم الشركة التونسية للكهرباء و الغاز أنّه قد يتمّ اللجوء إلى
القطع الدوري للكهرباء
اليوم الأربعاء 22 جويلية 2026، خلال الفترة المتراوحة
بين الساعة السادسة مساء والساعة العاشرة ليلا
،
وعلى فترات متقطّعة
، على مستوى المناطق التالية :
السعيدة
خمودة بودرياس
سوق الجديد
الحمّار
اولاد حمد
حوامد
مكارم
قطرانة
الشخّار
فوسانة
حاسي لفريد
أولاد حفوز
السند
البهلولة
سبيطلة
تالة
العيون
لعمايميّة
سيدي عيش
السبّالة
أم العظام
نفطة
بوليفة
صحراوي
ماجل بلعباس
دقاش
قفصة الشمالية
مع عودة
الكهرباء دون سابق إعلام
. لذا، يُرجى اتخاذ التدابير الاحتياطية اللازمة
.
هذه القائمة ليست نهائية و يمكن أن تشمل مناطق أخرى.
*للتبليغ عن أي طارئ أو لطلب مزيد من المعلومات، تضع الشركة على ذمّة حرفائها رقم الخدمات التالي :
71.239.222
، كما يمكنهم الاتصال بأرقام الهاتف المذكورة على فاتورات الاستهلاك.",,2026-07-22,18:00,22:00,جهة الجنوب,السعيدة; خمودة بودرياس; سوق الجديد; الحمّار; اولاد حمد; حوامد; مكارم; قطرانة; الشخّار; فوسانة; حاسي لفريد; أولاد حفوز; السند; البهلولة; سبيطلة; تالة; العيون; لعمايميّة; سيدي عيش; السبّالة; أم العظام; نفطة; بوليفة; صحراوي; ماجل بلعباس; دقاش; قفصة الشمالية,2026-08-11 15:21:27
https://www.steg.com.tn/fr/news/2cf5ad871abc,إشعار بانقطاع الكهرباء - جهة الوسط - 18/07/2026,"إشعار بانقطاع الكهرباء
جهة الوسط
في إطار الحفاظ على سلامة و ديمومة المنظومة الكهربائية، تعلم الشركة التونسية للكهرباء و الغاز أنّه قد يتمّ اللجوء إلى
القطع الدوري للكهرباء ال
يوم
السبت 18 جويلية 2026
، خلال الفترة المتراوحة
بين
الساعة الخامسة مساءا و العاشرة ليلا
،
وعلى فترات متقطّعة
، على مستوى المناطق التالية :
- العلم
- سيدي سعيدان
- زعفرانة
- الغويبة
- عين بومرة
- الناظور
- أولاد عاشور
- الوردانين
- خنيس
- العقبة
- المنطقة الصناعية المنستير
- ستيوين
- سيدي بنّور
- قصور الساف
- شيبة
مع عودة
الكهرباء دون سابق إعلام
. لذا، يُرجى اتخاذ التدابير الاحتياطية اللازمة
.
هذه القائمة ليست نهائية و يمكن أن تشمل مناطق أخرى.
*للتبليغ عن أي طارئ أو لطلب مزيد من المعلومات، تضع الشركة على ذمّة حرفائها رقم الخدمات التالي :
71.239.222
، كما يمكنهم الاتصال بأرقام الهاتف المذكورة على فاتورات الاستهلاك.",,2026-07-18,17:00,22:00,جهة الوسط,العلم; سيدي سعيدان; زعفرانة; الغويبة; عين بومرة; الناظور; أولاد عاشور; الوردانين; خنيس; العقبة; المنطقة الصناعية المنستير; ستيوين; سيدي بنّور; قصور الساف; شيبة,2026-08-11 15:21:27
https://www.steg.com.tn/fr/news/b48f6985a341,إشعار بانقطاع الكهرباء - جهة تونس الكبرى - 11:30 04/08/2026,"إشعار بانقطاع الكهرباء
جهة تونس الكبرى
في إطار الحفاظ على سلامة و ديمومة منظومتها الكهربائية، تعلم الشركة التونسية للكهرباء و الغاز أنّه قد يتمّ اللجوء إلى
القطع الدوري للكهرباء
اليوم الثلاثاء 04 أوت 2026، خلال الفترة المتراوحة
بين الساعة الحادية عشر و النصف صباحا و الساعة الخامسة مساء
،  وعلى فترات متقطّعة ، على أن لا تتجاوز ساعتين للفترة الواحدة ، حسب ما تمليه علينا وضعية الشبكة، و ذلك على مستوى المناطق التالية :
الزهراء
برج السدرية
الكرم
حمام الأنف
حدائق المنزه
البحيرة
منوبة
حلق الوادي
المروج
بن عروس
مقرين
منوبة
عين زغوان
النصر
سكرة
سيدي فرج
المدينة الجديدة
برج الطويل
صنهاجة
الجديدة
مع عودة
الكهرباء
دون سابق إعلام
. لذا، يُرجى اتخاذ التدابير الوقائية اللازمة
.
هذه القائمة ليست نهائية و يمكن أن تشمل مناطق أخرى، حسب التطورات ومتطلبات التوازن بين الإنتاج و الاستهلاك.
*للتبليغ عن أي طارئ أو لطلب مزيد من المعلومات، تضع الشركة على ذمّة حرفائها رقم الخدمات التالي :
71.239.222
، كما يمكنهم الاتصال بأرقام الهاتف المذكورة على فواتير الاستهلاك.
وتتقدم الشركة باعتذارها عن هذا الإجراء الاستثنائي، وتعوّل على تفهم حرفائها الكرام وتعاونهم
.",,2026-08-04,11:00,13:00,جهة تونس الكبرى,الزهراء; برج السدرية; الكرم; حمام الأنف; حدائق المنزه; البحيرة; منوبة; حلق الوادي; المروج; بن عروس; مقرين; منوبة; عين زغوان; النصر; سكرة; سيدي فرج; المدينة الجديدة; برج الطويل; صنهاجة; الجديدة,2026-08-11 15:21:27
https://www.steg.com.tn/fr/news/905930d40fe5,إشعار بانقطاع الكهرباء - جهة الجنوب - 13:00 06/08/2026,"إشعار بانقطاع الكهرباء
جهة الجنوب
في إطار الحفاظ على سلامة و ديمومة منظومتها الكهربائية، تعلم الشركة التونسية للكهرباء و الغاز أنّه قد يتمّ اللجوء إلى
القطع الدوري للكهرباء
اليوم الخميس 06 أوت 2026، خلال الفترة المتراوحة
بين الساعة الواحدة والساعة الرابعة بعد الزوال
،  وعلى فترات متقطّعة ، على أن لا تتجاوز ساعتين للفترة الواحدة ، حسب ما تمليه علينا وضعية الشبكة، و ذلك على مستوى المناطق التالية :
جهة قابس
جربة
قبلي
تطاوين
جرجيس - بنقردان
مدنين
- قابس المدينة
- المنزل
- جارة
- حي الأمل
- الحامة
- وذرف
- المطوية
- مارث
-ميدون
- حومة السوق
- ربانة
- التلات
- قلالة
- أغير
- سدويكش
- الجرف
- الماي
- جنعورة
- حي طريق قابس
- النزلة
- قبلي
- سوق الأحد
- دوز
- الفوّار
- القلعة
- زعفران
- نويل
-تطاوين الجديدة
- حي المهرجان
- حي النزهة
- حي طريق مدنين
- الصمار
- رمادة
- غمراسن
- بير لحمر
- الذهيبة
-الموانسة
- الشماخ
- حسي الجربي
- السويحل
- الهشام
- حي مارس
- الجميلة
- جلال
- طريق راس جدير
- الشهبانية
-مدنين المدينة
- الدرغولية
- حسي عمر
- حي النور
- واد السدر
- بني خداش
- حريش
- بوغرارة
مع عودة
الكهرباء
دون سابق إعلام
. لذا، يُرجى اتخاذ التدابير الوقائية اللازمة
.
هذه القائمة ليست نهائية و يمكن أن تشمل مناطق أخرى، حسب التطورات ومتطلبات التوازن بين الإنتاج و الاستهلاك.
*للتبليغ عن أي طارئ أو لطلب مزيد من المعلومات، تضع الشركة على ذمّة حرفائها رقم الخدمات التالي :
71.239.222
، كما يمكنهم الاتصال بأرقام الهاتف المذكورة على فواتير الاستهلاك.
وتتقدم الشركة باعتذارها عن هذا الإجراء الاستثنائي، وتعوّل على تفهم حرفائها الكرام وتعاونهم
.",,2026-08-06,01:00,13:00,جهة الجنوب,جهة قابس; جربة; قبلي; تطاوين; جرجيس - بنقردان; مدنين; قابس المدينة; المنزل; جارة; حي الأمل; الحامة; وذرف; المطوية; مارث; ميدون; حومة السوق; ربانة; التلات; قلالة; أغير; سدويكش; الجرف; الماي; جنعورة; حي طريق قابس; النزلة; قبلي; سوق الأحد; دوز; الفوّار; القلعة; زعفران; نويل; تطاوين الجديدة; حي المهرجان; حي النزهة; حي طريق مدنين; الصمار; رمادة; غمراسن; بير لحمر; الذهيبة; الموانسة; الشماخ; حسي الجربي; السويحل; الهشام; حي مارس; الجميلة; جلال; طريق راس جدير; الشهبانية; مدنين المدينة; الدرغولية; حسي عمر; حي النور; واد السدر; بني خداش; حريش; بوغرارة,2026-08-11 15:21:27
https://www.steg.com.tn/fr/news/3027ad56400c,إشعار بانقطاع الكهرباء - جهة الشمال - 12:30 05/08/2026,"إشعار بانقطاع الكهرباء
جهة الشمال
في إطار الحفاظ على سلامة و ديمومة منظومتها الكهربائية، تعلم الشركة التونسية للكهرباء و الغاز أنّه قد يتمّ اللجوء إلى
القطع الدوري للكهرباء
اليوم الأربعاء 05 أوت 2026، خلال الفترة المتراوحة
بين الساعة منتصف النهار و النصف و الساعة الخامسة مساء
،  وعلى فترات متقطّعة ، على أن لا تتجاوز ساعتين للفترة الواحدة ، حسب ما تمليه علينا وضعية الشبكة، و ذلك على مستوى المناطق التالية :
جهة الوطن القبلي
جهة زغوان
جهة بنزرت
الحمامات
منزل بوزلفة
منزل تميم
سليمان
تاكلسة
نابل
بني خلاد
تازركة
الصمعة
قربة
بني خيار
المعمورة
قليبية
حمام الغزاز
الناظور
زغوان الشمالية
الفحص
بوعشير
الزريبة
جبل الوسط
بئر مشارقة
منزل بورقيبة
سجنان
الخيتمين
جرزونة
ماطر
تينجة
الماتلين
منزل جميل
منزل عبد الرحمان
الزواوين
عوسجة
غار الملح
أوتيك
غزالة
مع عودة
الكهرباء
دون سابق إعلام
. لذا، يُرجى اتخاذ التدابير الوقائية اللازمة
.
هذه القائمة ليست نهائية و يمكن أن تشمل مناطق أخرى، حسب التطورات ومتطلبات التوازن بين الإنتاج و الاستهلاك.
*للتبليغ عن أي طارئ أو لطلب مزيد من المعلومات، تضع الشركة على ذمّة حرفائها رقم الخدمات التالي :
71.239.222
، كما يمكنهم الاتصال بأرقام الهاتف المذكورة على فواتير الاستهلاك.
وتتقدم الشركة باعتذارها عن هذا الإجراء الاستثنائي، وتعوّل على تفهم حرفائها الكرام وتعاونهم
.",,2026-08-05,12:00,13:00,جهة الشمال,جهة الوطن القبلي; جهة زغوان; جهة بنزرت; الحمامات; منزل بوزلفة; منزل تميم; سليمان; تاكلسة; نابل; بني خلاد; تازركة; الصمعة; قربة; بني خيار; المعمورة; قليبية; حمام الغزاز; الناظور; زغوان الشمالية; الفحص; بوعشير; الزريبة; جبل الوسط; بئر مشارقة; منزل بورقيبة; سجنان; الخيتمين; جرزونة; ماطر; تينجة; الماتلين; منزل جميل; منزل عبد الرحمان; الزواوين; عوسجة; غار الملح; أوتيك; غزالة,2026-08-11 15:21:27
https://www.steg.com.tn/fr/news/7642d5ae965a,إشعار بانقطاع الكهرباء - جهة الشمال الغربي - 20:00 24/07/2026,"إشعار بانقطاع الكهرباء
جهة الشمال الغربي
في إطار الحفاظ على سلامة و ديمومة المنظومة الكهربائية، تعلم الشركة التونسية للكهرباء و الغاز أنّه قد يتمّ اللجوء إلى
القطع
الدوري للكهرباء
اليوم الجمعة 24 جويلية 2026، خلال الفترة المتراوحة
بين الساعة الثامنة مساء و الساعة الحادية عشر ليلا
، وعلى فترات متقطّعة ، حسب ما تمليه علينا وضعية الشبكة، على مستوى المناطق التالية :
وادي مليز
غار الدماء
شمتو
الكريب
بورويس
قعفور
تاجروين
مكثر
مع عودة
الكهرباء دون سابق إعلام
. لذا، يُرجى اتخاذ التدابير الوقائية اللازمة
.
هذه القائمة ليست نهائية و يمكن أن تشمل مناطق أخرى، مع إمكانية تجاوز الفترة المذكورة أعلاه حسب التطورات ومتطلبات التوازن بين الإنتاج و الاستهلاك.
*للتبليغ عن أي طارئ أو لطلب مزيد من المعلومات، تضع الشركة على ذمّة حرفائها رقم الخدمات التالي :
71.239.222
، كما يمكنهم الاتصال بأرقام الهاتف المذكورة على فواتير الاستهلاك.",,2026-07-24,20:00,23:00,جهة الشمال,وادي مليز; غار الدماء; شمتو; الكريب; بورويس; قعفور; تاجروين; مكثر,2026-08-11 15:21:27
https://www.steg.com.tn/fr/news/c7b94987606f,إشعار بانقطاع الكهرباء - جهة تونس الكبرى - 11:00 23/07/2026,"إشعار بانقطاع الكهرباء
جهة تونس الكبرى
في إطار الحفاظ على سلامة و ديمومة المنظومة الكهربائية، تعلم الشركة التونسية للكهرباء و الغاز أنّه قد يتمّ اللجوء إلى
القطع الدوري للكهرباء
اليوم الخميس 23 جويلية 2026، خلال الفترة المتراوحة
بين الساعة الحادية عشر صباحا والساعة الخامسة مساء
،
وعلى فترات متقطّعة
، على مستوى المناطق التالية :
فوشانة
المغيرة
برج السدرية
حي التضامن
سكرة
المروج
مقرين
رادس
الزهراء
حمام الأنف
بومهل
بيرين
أريانة
دوار هيشر
المرسى
برج الطويل
المنازه
المنارات
عين زغوان
حدائق قرطاج
قصر السعيد
الكرم
حلق الوادي
طبربة
الجديدة
سيدي ثابت
مع عودة
الكهرباء دون سابق إعلام
. لذا، يُرجى اتخاذ التدابير الاحتياطية اللازمة
.
هذه القائمة ليست نهائية و يمكن أن تشمل مناطق أخرى.
*للتبليغ عن أي طارئ أو لطلب مزيد من المعلومات، تضع الشركة على ذمّة حرفائها رقم الخدمات التالي :
71.239.222
، كما يمكنهم الاتصال بأرقام الهاتف المذكورة على فاتورات الاستهلاك.",,2026-07-23,11:00,17:00,جهة تونس الكبرى,فوشانة; المغيرة; برج السدرية; حي التضامن; سكرة; المروج; مقرين; رادس; الزهراء; حمام الأنف; بومهل; بيرين; أريانة; دوار هيشر; المرسى; برج الطويل; المنازه; المنارات; عين زغوان; حدائق قرطاج; قصر السعيد; الكرم; حلق الوادي; طبربة; الجديدة; سيدي ثابت,2026-08-11 15:21:27
https://www.steg.com.tn/fr/news/51228accb029,إشعار بانقطاع الكهرباء - جهة الشمال - 18/07/2026,"إشعار بانقطاع الكهرباء
جهة الشمال
في إطار الحفاظ على سلامة و ديمومة المنظومة الكهربائية، تعلم الشركة التونسية للكهرباء و الغاز أنّه قد يتمّ اللجوء إلى
القطع الدوري للكهرباء ال
يوم
السبت 18 جويلية 2026
، خلال الفترة المتراوحة
بين
الساعة الخامسة مساءا والعاشرة ليلا،
وعلى فترات متقطّعة
، على مستوى المناطق التالية :
-
جهة الوطن القبلي:
عين كميشة
- قربة
- دار شعبان
- بني خيار
- المعمورة
- قرمبالية
- الهوارية
- قليبية
- حمام لغزاز
- الحمامات
- منزل بوزلفة
-منزل تميم
-سليمان
- تاكلسة
-
جهة زغوان:
- الزريبة
- جبل الوسط
- الفحص
- بئر مشارقة
- الناظور
- زغوان المدينة
- الصوّاف
-
جهة بنزرت:
-منزل عبد الرحمان
-العالية
-اللواتة
- الزواوين
- عوسجة
- رأس الجبل
- غار الملح
- أوتيك
- غزالة
- منزل بورقيبة
- سجنان
- الخيتمين
-جرزونة
- ماطر
- تينجة
مع عودة
الكهرباء دون سابق إعلام
. لذا، يُرجى اتخاذ التدابير الاحتياطية اللازمة
.
هذه القائمة ليست نهائية و يمكن أن تشمل مناطق أخرى.
*للتبليغ عن أي طارئ أو لطلب مزيد من المعلومات، تضع الشركة على ذمّة حرفائها رقم الخدمات التالي :
71.239.222
، كما يمكنهم الاتصال بأرقام الهاتف المذكورة على فاتورات الاستهلاك.",,2026-07-18,17:00,22:00,جهة الشمال,جهة الوطن القبلي:; عين كميشة; قربة; دار شعبان; بني خيار; المعمورة; قرمبالية; الهوارية; قليبية; حمام لغزاز; الحمامات; منزل بوزلفة; منزل تميم; سليمان; تاكلسة; جهة زغوان:; الزريبة; جبل الوسط; الفحص; بئر مشارقة; الناظور; زغوان المدينة; الصوّاف; جهة بنزرت:; منزل عبد الرحمان; العالية; اللواتة; الزواوين; عوسجة; رأس الجبل; غار الملح; أوتيك; غزالة; منزل بورقيبة; سجنان; الخيتمين; جرزونة; ماطر; تينجة,2026-08-11 15:21:27
https://www.steg.com.tn/fr/news/73a7268b8e33,إشعار بانقطاع الكهرباء - ولاية صفاقس - 10:00 22/07/2026,"إشعار بانقطاع الكهرباء
ولاية صفاقس
في إطار الحفاظ على سلامة و ديمومة المنظومة الكهربائية، تعلم الشركة التونسية للكهرباء و الغاز أنّه قد يتمّ اللجوء إلى
القطع الدوري للكهرباء
اليوم الأربعاء 22 جويلية 2026، خلال الفترة المتراوحة
بين الساعة العاشرة صباحا والساعة الرابعة بعد الزوال
،
وعلى فترات متقطّعة
، وعلى فترات متقطّعة، على مستوى المناطق التالية :
المحرس
الغريبة
الصخيرة
بئر علي
عقارب
العامرة
طينة
صفاقس الغربية
ساقية الزيت
ساقية الدائر
الشابة
ملولش
مع عودة
الكهرباء دون سابق إعلام
. لذا، يُرجى اتخاذ التدابير الاحتياطية اللازمة
.
هذه القائمة ليست نهائية و يمكن أن تشمل مناطق أخرى.
*للتبليغ عن أي طارئ أو لطلب مزيد من المعلومات، تضع الشركة على ذمّة حرفائها رقم الخدمات التالي :
71.239.222
، كما يمكنهم الاتصال بأرقام الهاتف المذكورة على فاتورات الاستهلاك.",,2026-07-22,10:00,16:00,جهة صفاقس,المحرس; الغريبة; الصخيرة; بئر علي; عقارب; العامرة; طينة; صفاقس الغربية; ساقية الزيت; ساقية الدائر; الشابة; ملولش,2026-08-11 15:21:27
https://www.steg.com.tn/fr/news/6452931c7e23,إشعار بانقطاع الكهرباء - جهة الشمال الغربي - 13:00 06/08/2026,"إشعار بانقطاع الكهرباء
جهة الشمال الغربي
في إطار الحفاظ على سلامة و ديمومة منظومتها الكهربائية، تعلم الشركة التونسية للكهرباء و الغاز أنّه قد يتمّ اللجوء إلى
القطع الدوري للكهرباء
اليوم الخميس 06 أوت 2026، خلال الفترة المتراوحة
بين الساعة الواحدة والساعة الرابعة بعد الزوال
،  وعلى فترات متقطّعة ، على أن لا تتجاوز ساعتين للفترة الواحدة ، حسب ما تمليه علينا وضعية الشبكة، و ذلك على مستوى المناطق التالية :
غار الدماء
نفزة
قعفور
شمتو
وادي مليز
نبّر
تاجروين
الجريصة
مجاز الباب
وشتاتة
الروحية
بوسالم
قبلاط
القلعة الخصباء
سيدي اسماعيل
مكثر
مع عودة
الكهرباء
دون سابق إعلام
. لذا، يُرجى اتخاذ التدابير الوقائية اللازمة
.
هذه القائمة ليست نهائية و يمكن أن تشمل مناطق أخرى، حسب التطورات ومتطلبات التوازن بين الإنتاج و الاستهلاك.
*للتبليغ عن أي طارئ أو لطلب مزيد من المعلومات، تضع الشركة على ذمّة حرفائها رقم الخدمات التالي :
71.239.222
، كما يمكنهم الاتصال بأرقام الهاتف المذكورة على فواتير الاستهلاك.
وتتقدم الشركة باعتذارها عن هذا الإجراء الاستثنائي، وتعوّل على تفهم حرفائها الكرام وتعاونهم
.",,2026-08-06,01:00,13:00,جهة الشمال,غار الدماء; نفزة; قعفور; شمتو; وادي مليز; نبّر; تاجروين; الجريصة; مجاز الباب; وشتاتة; الروحية; بوسالم; قبلاط; القلعة الخصباء; سيدي اسماعيل; مكثر,2026-08-11 15:21:27
https://www.steg.com.tn/fr/news/48f3b78643a2,إشعار بانقطاع الكهرباء - ولاية صفاقس - 06:00 21/07/2026,"إشعار بانقطاع الكهرباء
ولاية صفاقس
في إطار الحفاظ على سلامة و ديمومة المنظومة الكهربائية، تعلم الشركة التونسية للكهرباء و الغاز أنّه قد يتمّ اللجوء إلى
القطع الدوري للكهرباء
اليوم الثلاثاء 21 جويلية 2026، خلال الفترة المتراوحة
بين الساعة السادسة صباحا والساعة منتصف النهار
،
وعلى فترات متقطّعة
، وعلى فترات متقطّعة، على مستوى المناطق التالية :
الشّابة
ملولش
الداير
المحرس
الغريبة
بير علي
عقارب
منزل شاكر
الحنشة
جبنيانة
العامرة
ساقية الزيت
طينة
الصخيرة
صفاقس الغربية
صفاقس المدينة
مع عودة
الكهرباء دون سابق إعلام
. لذا، يُرجى اتخاذ التدابير الاحتياطية اللازمة
.
هذه القائمة ليست نهائية و يمكن أن تشمل مناطق أخرى.
*للتبليغ عن أي طارئ أو لطلب مزيد من المعلومات، تضع الشركة على ذمّة حرفائها رقم الخدمات التالي :
71.239.222
، كما يمكنهم الاتصال بأرقام الهاتف المذكورة على فاتورات الاستهلاك.",,2026-07-21,06:00,12:00,جهة صفاقس,الشّابة; ملولش; الداير; المحرس; الغريبة; بير علي; عقارب; منزل شاكر; الحنشة; جبنيانة; العامرة; ساقية الزيت; طينة; الصخيرة; صفاقس الغربية; صفاقس المدينة,2026-08-11 15:21:27
https://www.steg.com.tn/fr/news/4f5a7683ad6d,إشعار بانقطاع الكهرباء - جهة الشمال الغربي - 17:00 20/07/2026,"إشعار بانقطاع الكهرباء
جهة الشمال الغربي
في إطار الحفاظ على سلامة و ديمومة المنظومة الكهربائية، تعلم الشركة التونسية للكهرباء و الغاز أنّه قد يتمّ اللجوء إلى
القطع الدوري للكهرباء ال
يوم
الاثنين 20 جويلية 2026
، خلال الفترة المتراوحة
بين
الساعة الخامسة مساء و الساعة منتصف الليل
،
وعلى فترات متقطّعة
، على مستوى المناطق التالية :
الروحية
وادي مليز
شمتو
بوسالم
بوعرادة
الكريب
قعفور
تبرسق
تاجروين
قبلاط
مع عودة
الكهرباء دون سابق إعلام
. لذا، يُرجى اتخاذ التدابير الاحتياطية اللازمة
.
هذه القائمة ليست نهائية و يمكن أن تشمل مناطق أخرى.
*للتبليغ عن أي طارئ أو لطلب مزيد من المعلومات، تضع الشركة على ذمّة حرفائها رقم الخدمات التالي :
71.239.222
، كما يمكنهم الاتصال بأرقام الهاتف المذكورة على فاتورات الاستهلاك.",,2026-07-20,17:00,00:00,جهة الشمال,الروحية; وادي مليز; شمتو; بوسالم; بوعرادة; الكريب; قعفور; تبرسق; تاجروين; قبلاط,2026-08-11 15:21:27
https://www.steg.com.tn/fr/news/bb49710d046d,إشعار بانقطاع الكهرباء - جهة الجنوب الغربي - 11:00 23/07/2026,"إشعار بانقطاع الكهرباء
جهة الجنوب الغربي
في إطار الحفاظ على سلامة و ديمومة المنظومة الكهربائية، تعلم الشركة التونسية للكهرباء و الغاز أنّه قد يتمّ اللجوء إلى
القطع الدوري للكهرباء
اليوم الخميس 23 جويلية 2026، خلال الفترة المتراوحة
بين الساعة الحادية عشر صباحا والساعة الخامسة مساء
،
وعلى فترات متقطّعة
، على مستوى المناطق التالية :
السعيدة
خمودة بودرياس
سوق الجديد
الحمّار
اولاد حمد
حوامد
مكارم
قطرانة
الشخّار
فوسانة
حاسي لفريد
أولاد حفوز
السند
البهلولة
سبيطلة
حزوة
العيون
لعمايميّة
سيدي عيش
السبّالة
أم العظام
نفطة
بوليفة
صحراوي
ماجل بلعباس
دقاش
قفصة الشمالية
مع عودة
الكهرباء دون سابق إعلام
. لذا، يُرجى اتخاذ التدابير الاحتياطية اللازمة
.
هذه القائمة ليست نهائية و يمكن أن تشمل مناطق أخرى.
*للتبليغ عن أي طارئ أو لطلب مزيد من المعلومات، تضع الشركة على ذمّة حرفائها رقم الخدمات التالي :
71.239.222
، كما يمكنهم الاتصال بأرقام الهاتف المذكورة على فاتورات الاستهلاك.",,2026-07-23,11:00,17:00,جهة الجنوب,السعيدة; خمودة بودرياس; سوق الجديد; الحمّار; اولاد حمد; حوامد; مكارم; قطرانة; الشخّار; فوسانة; حاسي لفريد; أولاد حفوز; السند; البهلولة; سبيطلة; حزوة; العيون; لعمايميّة; سيدي عيش; السبّالة; أم العظام; نفطة; بوليفة; صحراوي; ماجل بلعباس; دقاش; قفصة الشمالية,2026-08-11 15:21:27
https://www.steg.com.tn/fr/news/80548eddc870,إشعار بانقطاع الكهرباء - جهة تونس الكبرى - 10:00 22/07/2026,"إشعار بانقطاع الكهرباء
جهة تونس الكبرى
في إطار الحفاظ على سلامة و ديمومة المنظومة الكهربائية، تعلم الشركة التونسية للكهرباء و الغاز أنّه قد يتمّ اللجوء إلى
القطع الدوري للكهرباء
اليوم الأربعاء 22 جويلية 2026، خلال الفترة المتراوحة
بين الساعة العاشرة صباحا والساعة الرابعة بعد الزوال
،
وعلى فترات متقطّعة
، على مستوى المناطق التالية :
المنازه
المنارات
عين زغوان
حدائق قرطاج
قصر السعيد
الكرم
حلق الوادي
طبربة
الجديدة
سيدي ثابت
برج الطويل
مع عودة
الكهرباء دون سابق إعلام
. لذا، يُرجى اتخاذ التدابير الاحتياطية اللازمة
.
هذه القائمة ليست نهائية و يمكن أن تشمل مناطق أخرى.
*للتبليغ عن أي طارئ أو لطلب مزيد من المعلومات، تضع الشركة على ذمّة حرفائها رقم الخدمات التالي :
71.239.222
، كما يمكنهم الاتصال بأرقام الهاتف المذكورة على فاتورات الاستهلاك.",,2026-07-22,10:00,16:00,جهة تونس الكبرى,المنازه; المنارات; عين زغوان; حدائق قرطاج; قصر السعيد; الكرم; حلق الوادي; طبربة; الجديدة; سيدي ثابت; برج الطويل,2026-08-11 15:21:27
https://www.steg.com.tn/fr/news/0136c086308e,إشعار بانقطاع الكهرباء - جهة الجنوب الغربي - 06:00 21/07/2026,"إشعار بانقطاع الكهرباء
جهة الجنوب الغربي
في إطار الحفاظ على سلامة و ديمومة المنظومة الكهربائية، تعلم الشركة التونسية للكهرباء و الغاز أنّه قد يتمّ اللجوء إلى
القطع الدوري للكهرباء ال
يوم
الثلاثاء 21 جويلية 2026
، خلال الفترة المتراوحة
بين الساعة السادسة صباحا والساعة منتصف النهار
ا
،
وعلى فترات متقطّعة
، على مستوى المناطق التالية :
السعيدة
خمودة بودرياس
سوق الجديد
الحمّار
أولاد حمد
حوامد
مكارم
قطرانة
الشخار
فوسانة
حاسي لفريد
أولاد حفّوز
سبيطلة
تالة
العيون
لعمايمية
سيدي عيش
الحامّة
دقاش
مع عودة
الكهرباء دون سابق إعلام
. لذا، يُرجى اتخاذ التدابير الاحتياطية اللازمة
.
هذه القائمة ليست نهائية و يمكن أن تشمل مناطق أخرى.
*للتبليغ عن أي طارئ أو لطلب مزيد من المعلومات، تضع الشركة على ذمّة حرفائها رقم الخدمات التالي :
71.239.222
، كما يمكنهم الاتصال بأرقام الهاتف المذكورة على فاتورات الاستهلاك.",,2026-07-21,06:00,12:00,جهة الجنوب,السعيدة; خمودة بودرياس; سوق الجديد; الحمّار; أولاد حمد; حوامد; مكارم; قطرانة; الشخار; فوسانة; حاسي لفريد; أولاد حفّوز; سبيطلة; تالة; العيون; لعمايمية; سيدي عيش; الحامّة; دقاش,2026-08-11 15:21:27
https://www.steg.com.tn/fr/news/51d2fa16ab14,إشعار بانقطاع الكهرباء - جهة الشمال - 18:00 23/07/2026,"إشعار بانقطاع الكهرباء
جهة الشمال
في إطار الحفاظ على سلامة و ديمومة المنظومة الكهربائية، تعلم الشركة التونسية للكهرباء و الغاز أنّه قد يتمّ اللجوء إلى
القطع الدوري للكهرباء
اليوم الخميس 23 جويلية 2026، خلال الفترة المتراوحة
بين الساعة السادسة مساء والساعة منتصف الليل
، وعلى فترات متقطّعة ، حسب ما تمليه علينا وضعية الشبكة، على مستوى المناطق التالية :
جهة الوطن القبلي
جهة زغوان
جهة بنزرت
- عين كميشة
- قربة
- دار شعبان
- بني خيار
- المعمورة
- قرمبالية
- الهوارية
- قليبية
- حمام لغزاز
- الحمامات
- منزل بوزلفة
-منزل تميم
-سليمان
- تاكلسة
- الزريبة
- جبل الوسط
- الفحص
- بئر مشارقة
- الناظور
- زغوان المدينة
- الصوّاف
-منزل عبد الرحمان
-العالية
-اللواتة
- الزواوين
- عوسجة
- رأس الجبل
- غار الملح
- أوتيك
- غزالة
- منزل بورقيبة
- سجنان
- الخيتمين
-جرزونة
- ماطر
- تينجة
مع عودة
الكهرباء دون سابق إعلام
. لذا، يُرجى اتخاذ التدابير الاحتياطية اللازمة
.
هذه القائمة ليست نهائية و يمكن أن تشمل مناطق أخرى، مع إمكانية تجاوز الفترة المذكورة أعلاه حسب التطورات ومتطلبات التوازن بين الإنتاج و الاستهلاك.
*للتبليغ عن أي طارئ أو لطلب مزيد من المعلومات، تضع الشركة على ذمّة حرفائها رقم الخدمات التالي :
71.239.222
، كما يمكنهم الاتصال بأرقام الهاتف المذكورة على فواتير الاستهلاك.",,2026-07-23,18:00,00:00,جهة الشمال,جهة الوطن القبلي; جهة زغوان; جهة بنزرت; عين كميشة; قربة; دار شعبان; بني خيار; المعمورة; قرمبالية; الهوارية; قليبية; حمام لغزاز; الحمامات; منزل بوزلفة; منزل تميم; سليمان; تاكلسة; الزريبة; جبل الوسط; الفحص; بئر مشارقة; الناظور; زغوان المدينة; الصوّاف; منزل عبد الرحمان; العالية; اللواتة; الزواوين; عوسجة; رأس الجبل; غار الملح; أوتيك; غزالة; منزل بورقيبة; سجنان; الخيتمين; جرزونة; ماطر; تينجة,2026-08-11 15:21:27
https://www.steg.com.tn/fr/news/72be2bd42494,إشعار بانقطاع الكهرباء - جهة الوسط - 06:00 21/07/2026,"إشعار بانقطاع الكهرباء
جهة الوسط
في إطار الحفاظ على سلامة و ديمومة المنظومة الكهربائية، تعلم الشركة التونسية للكهرباء و الغاز أنّه قد يتمّ اللجوء إلى
القطع الدوري للكهرباء
اليوم الثلاثاء 21 جويلية 2026، خلال الفترة المتراوحة
بين الساعة السادسة صباحا والساعة منتصف النهار
،
وعلى فترات متقطّعة
، على مستوى المناطق التالية :
مساكن
بوحجر
زاويو سوسة
الساحلين
منزل كامل
المكنين
الشابّة
البقالطة
شربان
رجيش
السواسي
كركر
سيدي بوعلي
القلعة الكبيرة
الرياض
خزامة
سهلول3
أولاد الشامخ
المنطقة الصناعيّة الجم
بنان
طوزة
شتيوين
جمّال
قصر هلال
صيّادة
زاوية قنطش
رقّادة
بوحجلة
عين جلولة
نصر الله
منزل المهيري
أولاد عاشور
السهيلات
السبيبة
العلا
النفيضة
هرقلة
بوفيشة
المنطقة الصناعيّة بالنفيضة
حمّم سوسة
أكودة
الحي الجامعي
القلعة الصغيرة
قصر لمسة
بنبلة
مع عودة
الكهرباء دون سابق إعلام
. لذا، يُرجى اتخاذ التدابير الاحتياطية اللازمة
.
هذه القائمة ليست نهائية و يمكن أن تشمل مناطق أخرى.
*للتبليغ عن أي طارئ أو لطلب مزيد من المعلومات، تضع الشركة على ذمّة حرفائها رقم الخدمات التالي :
71.239.222
، كما يمكنهم الاتصال بأرقام الهاتف المذكورة على فاتورات الاستهلاك.",,2026-07-21,06:00,12:00,جهة الوسط,مساكن; بوحجر; زاويو سوسة; الساحلين; منزل كامل; المكنين; الشابّة; البقالطة; شربان; رجيش; السواسي; كركر; سيدي بوعلي; القلعة الكبيرة; الرياض; خزامة; سهلول3; أولاد الشامخ; المنطقة الصناعيّة الجم; بنان; طوزة; شتيوين; جمّال; قصر هلال; صيّادة; زاوية قنطش; رقّادة; بوحجلة; عين جلولة; نصر الله; منزل المهيري; أولاد عاشور; السهيلات; السبيبة; العلا; النفيضة; هرقلة; بوفيشة; المنطقة الصناعيّة بالنفيضة; حمّم سوسة; أكودة; الحي الجامعي; القلعة الصغيرة; قصر لمسة; بنبلة,2026-08-11 15:21:27
https://www.steg.com.tn/fr/news/25c19a891e89,إشعار بانقطاع الكهرباء - جهة الجنوب الغربي - 11:00 24/07/2026,"إشعار بانقطاع الكهرباء
جهة الجنوب الغربي
في إطار الحفاظ على سلامة و ديمومة المنظومة الكهربائية، تعلم الشركة التونسية للكهرباء و الغاز أنّه قد يتمّ اللجوء إلى
القطع الدوري للكهرباء
اليوم الجمعة 24 جويلية 2026، خلال الفترة المتراوحة
بين الساعة الحادية عشر صباحا و الساعة الخامسة مساء
، وعلى فترات متقطّعة ، حسب ما تمليه علينا وضعية الشبكة، على مستوى المناطق التالية :
السعيدة
خمودة بودرياس
سوق الجديد
الحمّار
اولاد حمد
حوامد
مكارم
قطرانة
الشخّار
فوسانة
حاسي لفريد
أولاد حفوز
فريانة
سبيطلة
العيون
لعمايميّة
السبّالة
أم العظام
نفطة
بوليفة
صحراوي
ماجل بلعباس
دقاش
قفصة الشمالية
الرقاب
مع عودة
الكهرباء دون سابق إعلام
. لذا، يُرجى اتخاذ التدابير الاحتياطية اللازمة
.
هذه القائمة ليست نهائية و يمكن أن تشمل مناطق أخرى، مع إمكانية تجاوز الفترة المذكورة أعلاه حسب التطورات ومتطلبات التوازن بين الإنتاج و الاستهلاك.
*للتبليغ عن أي طارئ أو لطلب مزيد من المعلومات، تضع الشركة على ذمّة حرفائها رقم الخدمات التالي :
71.239.222
، كما يمكنهم الاتصال بأرقام الهاتف المذكورة على فواتير الاستهلاك.",,2026-07-24,11:00,17:00,جهة الجنوب,السعيدة; خمودة بودرياس; سوق الجديد; الحمّار; اولاد حمد; حوامد; مكارم; قطرانة; الشخّار; فوسانة; حاسي لفريد; أولاد حفوز; فريانة; سبيطلة; العيون; لعمايميّة; السبّالة; أم العظام; نفطة; بوليفة; صحراوي; ماجل بلعباس; دقاش; قفصة الشمالية; الرقاب,2026-08-11 15:21:27
https://www.steg.com.tn/fr/news/ab9003ef0f53,إشعار بانقطاع الكهرباء - جهة الجنوب الغربي - 10:00 20/07/2026,"إشعار بانقطاع الكهرباء
جهة الجنوب الغربي
في إطار الحفاظ على سلامة و ديمومة المنظومة الكهربائية، تعلم الشركة التونسية للكهرباء و الغاز أنّه قد يتمّ اللجوء إلى
القطع الدوري للكهرباء ال
يوم
الاثنين 20 جويلية 2026
، خلال الفترة المتراوحة
بين
الساعة العاشرة صباحا و الساعة الخامسة مساءا
،
وعلى فترات متقطّعة
، على مستوى المناطق التالية :
السعيدة
خمودة بودرياس
سوق الجديد
الحمّار
أولاد حمد
حوامد
مكارم
قطرانة
الشخار
فوسانة
حاسي لفريد
أولاد حفّوز
سبيطلة
تالة
العيون
لعمايمية
سيدي عيش
الحامّة
دقاش
مع عودة
الكهرباء دون سابق إعلام
. لذا، يُرجى اتخاذ التدابير الاحتياطية اللازمة
.
هذه القائمة ليست نهائية و يمكن أن تشمل مناطق أخرى.
*للتبليغ عن أي طارئ أو لطلب مزيد من المعلومات، تضع الشركة على ذمّة حرفائها رقم الخدمات التالي :
71.239.222
، كما يمكنهم الاتصال بأرقام الهاتف المذكورة على فاتورات الاستهلاك.",,2026-07-20,10:00,17:00,جهة الجنوب,السعيدة; خمودة بودرياس; سوق الجديد; الحمّار; أولاد حمد; حوامد; مكارم; قطرانة; الشخار; فوسانة; حاسي لفريد; أولاد حفّوز; سبيطلة; تالة; العيون; لعمايمية; سيدي عيش; الحامّة; دقاش,2026-08-11 15:21:27
https://www.steg.com.tn/fr/news/8dceef77d380,إشعار بانقطاع الكهرباء - جهة تونس الكبرى - 18:00 22/07/2026,"إشعار بانقطاع الكهرباء
جهة تونس الكبرى
في إطار الحفاظ على سلامة و ديمومة المنظومة الكهربائية، تعلم الشركة التونسية للكهرباء و الغاز أنّه قد يتمّ اللجوء إلى
القطع الدوري للكهرباء
اليوم الأربعاء 22 جويلية 2026، خلال الفترة المتراوحة
بين الساعة السادسة مساء والساعة العاشرة ليلا
،
وعلى فترات متقطّعة
، على مستوى المناطق التالية :
فوشانة
المغيرة
برج السدرية
حي التضامن
سكرة
المروج
مقرين
رادس
الزهراء
حمام الأنف
بومهل
بيرين
أريانة
دوار هيشر
المرسى
برج الطويل
مع عودة
الكهرباء دون سابق إعلام
. لذا، يُرجى اتخاذ التدابير الاحتياطية اللازمة
.
هذه القائمة ليست نهائية و يمكن أن تشمل مناطق أخرى.
*للتبليغ عن أي طارئ أو لطلب مزيد من المعلومات، تضع الشركة على ذمّة حرفائها رقم الخدمات التالي :
71.239.222
، كما يمكنهم الاتصال بأرقام الهاتف المذكورة على فاتورات الاستهلاك.",,2026-07-22,18:00,22:00,جهة تونس الكبرى,فوشانة; المغيرة; برج السدرية; حي التضامن; سكرة; المروج; مقرين; رادس; الزهراء; حمام الأنف; بومهل; بيرين; أريانة; دوار هيشر; المرسى; برج الطويل,2026-08-11 15:21:27
https://www.steg.com.tn/fr/news/248c44be17bc,إشعار بانقطاع الكهرباء - جهة الوسط - 18:00 23/07/2026,"إشعار بانقطاع الكهرباء
جهة الوسط
في إطار الحفاظ على سلامة و ديمومة المنظومة الكهربائية، تعلم الشركة التونسية للكهرباء و الغاز أنّه قد يتمّ اللجوء إلى
القطع الدوري للكهرباء
اليوم الخميس 23 جويلية 2026، خلال الفترة المتراوحة
بين الساعة السادسة مساء والساعة منتصف الليل
، وعلى فترات متقطّعة ، حسب ما تمليه علينا وضعية الشبكة، على مستوى المناطق التالية :
رقّادة
بوحجلة
عين جلولة
نصر الله
منزل المهيري
أولاد عاشور
السهيلات
السبيبة
العلا
النفيضة
هرقلة
بوفيشة
المنطقة الصناعيّة بالنفيضة
حمّام سوسة
أكودة
الحي الجامعي
القلعة الصغيرة
قصر لمسة
جمّال
قصر هلال
صيّادة
زاوية قنطش
بنبلة
مساكن
بوحجر
زاوية سوسة
الساحلين
منزل كامل
المكنين
الشابّة
البقالطة
شربان
رجيش
السواسي
كركر
سيدي بوعلي
القلعة الكبيرة
الرياض
خزامة
سهلول3
أولاد الشامخ
المنطقة الصناعيّة الجم
بنان
طوزة
شتيوين
مع عودة
الكهرباء دون سابق إعلام
. لذا، يُرجى اتخاذ التدابير الاحتياطية اللازمة
.
هذه القائمة ليست نهائية و يمكن أن تشمل مناطق أخرى، مع إمكانية تجاوز الفترة المذكورة أعلاه حسب التطورات ومتطلبات التوازن بين الإنتاج و الاستهلاك.
*للتبليغ عن أي طارئ أو لطلب مزيد من المعلومات، تضع الشركة على ذمّة حرفائها رقم الخدمات التالي :
71.239.222
، كما يمكنهم الاتصال بأرقام الهاتف المذكورة على فواتير الاستهلاك.",,2026-07-23,18:00,00:00,جهة الوسط,رقّادة; بوحجلة; عين جلولة; نصر الله; منزل المهيري; أولاد عاشور; السهيلات; السبيبة; العلا; النفيضة; هرقلة; بوفيشة; المنطقة الصناعيّة بالنفيضة; حمّام سوسة; أكودة; الحي الجامعي; القلعة الصغيرة; قصر لمسة; جمّال; قصر هلال; صيّادة; زاوية قنطش; بنبلة; مساكن; بوحجر; زاوية سوسة; الساحلين; منزل كامل; المكنين; الشابّة; البقالطة; شربان; رجيش; السواسي; كركر; سيدي بوعلي; القلعة الكبيرة; الرياض; خزامة; سهلول3; أولاد الشامخ; المنطقة الصناعيّة الجم; بنان; طوزة; شتيوين,2026-08-11 15:21:27
https://www.steg.com.tn/fr/news/8657d1d13c78,إشعار بانقطاع الكهرباء - جهة الشمال - 10:00 22/07/2026,"إشعار بانقطاع الكهرباء
جهة الشمال
في إطار الحفاظ على سلامة و ديمومة المنظومة الكهربائية، تعلم الشركة التونسية للكهرباء و الغاز أنّه قد يتمّ اللجوء إلى
القطع الدوري للكهرباء
اليوم الأربعاء 22 جويلية 2026، خلال الفترة المتراوحة
بين الساعة العاشرة صباحا والساعة الرابعة بعد الزوال
،
وعلى فترات متقطّعة
، على مستوى المناطق التالية :
-
جهة الوطن القبلي:
عين كميشة
- قربة
- دار شعبان
- بني خيار
- المعمورة
- قرمبالية
- الهوارية
- قليبية
- حمام لغزاز
- الحمامات
- منزل بوزلفة
-منزل تميم
-سليمان
- تاكلسة
-
جهة زغوان:
- الزريبة
- جبل الوسط
- الفحص
- بئر مشارقة
- الناظور
- زغوان المدينة
- الصوّاف
-
جهة بنزرت:
-منزل عبد الرحمان
-العالية
-اللواتة
- الزواوين
- عوسجة
- رأس الجبل
- غار الملح
- أوتيك
- غزالة
- منزل بورقيبة
- سجنان
- الخيتمين
-جرزونة
- ماطر
- تينجة
مع عودة
الكهرباء دون سابق إعلام
. لذا، يُرجى اتخاذ التدابير الاحتياطية اللازمة
.
هذه القائمة ليست نهائية و يمكن أن تشمل مناطق أخرى.
*للتبليغ عن أي طارئ أو لطلب مزيد من المعلومات، تضع الشركة على ذمّة حرفائها رقم الخدمات التالي :
71.239.222
، كما يمكنهم الاتصال بأرقام الهاتف المذكورة على فاتورات الاستهلاك.",,2026-07-22,10:00,16:00,جهة الشمال,جهة الوطن القبلي:; عين كميشة; قربة; دار شعبان; بني خيار; المعمورة; قرمبالية; الهوارية; قليبية; حمام لغزاز; الحمامات; منزل بوزلفة; منزل تميم; سليمان; تاكلسة; جهة زغوان:; الزريبة; جبل الوسط; الفحص; بئر مشارقة; الناظور; زغوان المدينة; الصوّاف; جهة بنزرت:; منزل عبد الرحمان; العالية; اللواتة; الزواوين; عوسجة; رأس الجبل; غار الملح; أوتيك; غزالة; منزل بورقيبة; سجنان; الخيتمين; جرزونة; ماطر; تينجة,2026-08-11 15:21:27
https://www.steg.com.tn/fr/news/cb460deacb30,إشعار بانقطاع الكهرباء - جهة الشمال الغربي - 11:00 24/07/2026,"إشعار بانقطاع الكهرباء
جهة الشمال الغربي
في إطار الحفاظ على سلامة و ديمومة المنظومة الكهربائية، تعلم الشركة التونسية للكهرباء و الغاز أنّه قد يتمّ اللجوء إلى
القطع الدوري للكهرباء
اليوم الجمعة 24 جويلية 2026، خلال الفترة المتراوحة
بين الساعة الحادية عشر صباحا و الساعة الخامسة مساء
، وعلى فترات متقطّعة ، حسب ما تمليه علينا وضعية الشبكة، على مستوى المناطق التالية :
وشتاتة
نفزة
وادي مليز
غار الدماء
شمتو
بوسالم
سيدي اسماعيل
بوعرادة
العروسة
الكريب
قعفور
سيدي بورويس
تبرسق
دجبّة
الطويرف
نبّر
مجاز الباب
قبلاّط
الجريصة
الدهماني
تاجروين
الروحية
مكثر
مع عودة
الكهرباء دون سابق إعلام
. لذا، يُرجى اتخاذ التدابير الاحتياطية اللازمة
.
هذه القائمة ليست نهائية و يمكن أن تشمل مناطق أخرى، مع إمكانية تجاوز الفترة المذكورة أعلاه حسب التطورات ومتطلبات التوازن بين الإنتاج و الاستهلاك.
*للتبليغ عن أي طارئ أو لطلب مزيد من المعلومات، تضع الشركة على ذمّة حرفائها رقم الخدمات التالي :
71.239.222
، كما يمكنهم الاتصال بأرقام الهاتف المذكورة على فواتير الاستهلاك.",,2026-07-24,11:00,17:00,جهة الشمال,وشتاتة; نفزة; وادي مليز; غار الدماء; شمتو; بوسالم; سيدي اسماعيل; بوعرادة; العروسة; الكريب; قعفور; سيدي بورويس; تبرسق; دجبّة; الطويرف; نبّر; مجاز الباب; قبلاّط; الجريصة; الدهماني; تاجروين; الروحية; مكثر,2026-08-11 15:21:27
https://www.steg.com.tn/fr/news/e4362057732a,إشعار بانقطاع الكهرباء - جهة الشمال - 17:00 20/07/2026,"إشعار بانقطاع الكهرباء
جهة الشمال
في إطار الحفاظ على سلامة و ديمومة المنظومة الكهربائية، تعلم الشركة التونسية للكهرباء و الغاز أنّه قد يتمّ اللجوء إلى
القطع الدوري للكهرباء ال
يوم
الاثنين 20 جويلية 2026
، خلال الفترة المتراوحة
بين بين
الساعة الخامسة مساء و الساعة منتصف الليل،
وعلى فترات متقطّعة
، على مستوى المناطق التالية :
-
جهة الوطن القبلي:
عين كميشة
- قربة
- دار شعبان
- بني خيار
- المعمورة
- قرمبالية
- الهوارية
- قليبية
- حمام لغزاز
- الحمامات
- منزل بوزلفة
-منزل تميم
-سليمان
- تاكلسة
-
جهة زغوان:
- الزريبة
- جبل الوسط
- الفحص
- بئر مشارقة
- الناظور
- زغوان المدينة
- الصوّاف
-
جهة بنزرت:
-منزل عبد الرحمان
-العالية
-اللواتة
- الزواوين
- عوسجة
- رأس الجبل
- غار الملح
- أوتيك
- غزالة
- منزل بورقيبة
- سجنان
- الخيتمين
-جرزونة
- ماطر
- تينجة
مع عودة
الكهرباء دون سابق إعلام
. لذا، يُرجى اتخاذ التدابير الاحتياطية اللازمة
.
هذه القائمة ليست نهائية و يمكن أن تشمل مناطق أخرى.
*للتبليغ عن أي طارئ أو لطلب مزيد من المعلومات، تضع الشركة على ذمّة حرفائها رقم الخدمات التالي :
71.239.222
، كما يمكنهم الاتصال بأرقام الهاتف المذكورة على فاتورات الاستهلاك.",,2026-07-20,17:00,00:00,جهة الشمال,جهة الوطن القبلي:; عين كميشة; قربة; دار شعبان; بني خيار; المعمورة; قرمبالية; الهوارية; قليبية; حمام لغزاز; الحمامات; منزل بوزلفة; منزل تميم; سليمان; تاكلسة; جهة زغوان:; الزريبة; جبل الوسط; الفحص; بئر مشارقة; الناظور; زغوان المدينة; الصوّاف; جهة بنزرت:; منزل عبد الرحمان; العالية; اللواتة; الزواوين; عوسجة; رأس الجبل; غار الملح; أوتيك; غزالة; منزل بورقيبة; سجنان; الخيتمين; جرزونة; ماطر; تينجة,2026-08-11 15:21:27
https://www.steg.com.tn/fr/news/7cafc8665916,إشعار بانقطاع الكهرباء - جهة الشمال - 10:00 20/07/2026,"إشعار بانقطاع الكهرباء
جهة الشمال
في إطار الحفاظ على سلامة و ديمومة المنظومة الكهربائية، تعلم الشركة التونسية للكهرباء و الغاز أنّه قد يتمّ اللجوء إلى
القطع الدوري للكهرباء ال
يوم
الاثنين 20 جويلية 2026
، خلال الفترة المتراوحة
بين
الساعة العاشرة صباحا و الساعة الخامسة مساءا
،
وعلى فترات متقطّعة
، على مستوى المناطق التالية :
جهة الوطن القبلي
جهة زغوان
جهة بنزرت
قليبية
حمام لغزاز
الميدة
بني خلاد
الهوارية
منزل تميم
دار علوش
الحمامات
منزل بوزلفة
بوعرقوب
زغوان
الفحص
صوّاف
الزريبة
بوعشير
جرادو
جبل الوسط
بير مشارقة
سجنان
جومين
الماتلين
راس الجبل
منزل عبد الرحمان
العالية
غار الملح
منزل جميل
ماطر
تينجة
مع عودة
الكهرباء دون سابق إعلام
. لذا، يُرجى اتخاذ التدابير الاحتياطية اللازمة
.
هذه القائمة ليست نهائية و يمكن أن تشمل مناطق أخرى.
*للتبليغ عن أي طارئ أو لطلب مزيد من المعلومات، تضع الشركة على ذمّة حرفائها رقم الخدمات التالي :
71.239.222
، كما يمكنهم الاتصال بأرقام الهاتف المذكورة على فاتورات الاستهلاك.",,2026-07-20,10:00,17:00,جهة الشمال,جهة الوطن القبلي; جهة زغوان; جهة بنزرت; قليبية; حمام لغزاز; الميدة; بني خلاد; الهوارية; منزل تميم; دار علوش; الحمامات; منزل بوزلفة; بوعرقوب; زغوان; الفحص; صوّاف; الزريبة; بوعشير; جرادو; جبل الوسط; بير مشارقة; سجنان; جومين; الماتلين; راس الجبل; منزل عبد الرحمان; العالية; غار الملح; منزل جميل; ماطر; تينجة,2026-08-11 15:21:27
https://www.steg.com.tn/fr/news/8f0cd3dd9ccd,إشعار بانقطاع الكهرباء - جهة الجنوب الغربي - 13:00 06/08/2026,"إشعار بانقطاع الكهرباء
جهة الجنوب الغربي
في إطار الحفاظ على سلامة و ديمومة منظومتها الكهربائية، تعلم الشركة التونسية للكهرباء و الغاز أنّه قد يتمّ اللجوء إلى
القطع الدوري للكهرباء
اليوم الخميس 06 أوت 2026، خلال الفترة المتراوحة
بين الساعة الواحدة والساعة الرابعة بعد الزوال
،  وعلى فترات متقطّعة ، على أن لا تتجاوز ساعتين للفترة الواحدة ، حسب ما تمليه علينا وضعية الشبكة، و ذلك على مستوى المناطق التالية :
نصر الله
بئر الحفي
المكارم
دقاش
حزوة
أم العظام
الهيشرية
الحامّة
فوسانة
الفج
سوق الجديد
السبالة
لجرد
بودرياس
الحقن
المزونة
الكرمة
حاسي فريد
بوزقان
الرقاب
قفصة الشمالية
مع عودة
الكهرباء
دون سابق إعلام
. لذا، يُرجى اتخاذ التدابير الوقائية اللازمة
.
هذه القائمة ليست نهائية و يمكن أن تشمل مناطق أخرى، حسب التطورات ومتطلبات التوازن بين الإنتاج و الاستهلاك.
*للتبليغ عن أي طارئ أو لطلب مزيد من المعلومات، تضع الشركة على ذمّة حرفائها رقم الخدمات التالي :
71.239.222
، كما يمكنهم الاتصال بأرقام الهاتف المذكورة على فواتير الاستهلاك.
وتتقدم الشركة باعتذارها عن هذا الإجراء الاستثنائي، وتعوّل على تفهم حرفائها الكرام وتعاونهم
.",,2026-08-06,01:00,13:00,جهة الجنوب,نصر الله; بئر الحفي; المكارم; دقاش; حزوة; أم العظام; الهيشرية; الحامّة; فوسانة; الفج; سوق الجديد; السبالة; لجرد; بودرياس; الحقن; المزونة; الكرمة; حاسي فريد; بوزقان; الرقاب; قفصة الشمالية,2026-08-11 15:21:27
https://www.steg.com.tn/fr/news/5844cf154a79,إشعار بانقطاع الكهرباء - جهة الشمال - 06:00 21/07/2026,"إشعار بانقطاع الكهرباء
جهة الشمال
في إطار الحفاظ على سلامة و ديمومة المنظومة الكهربائية، تعلم الشركة التونسية للكهرباء و الغاز أنّه قد يتمّ اللجوء إلى
القطع الدوري للكهرباء
اليوم الثلاثاء 21 جويلية 2026، خلال الفترة المتراوحة
بين الساعة السادسة صباحا والساعة منتصف النهار
،
وعلى فترات متقطّعة
، على مستوى المناطق التالية :
-
جهة الوطن القبلي:
عين كميشة
- قربة
- دار شعبان
- بني خيار
- المعمورة
- قرمبالية
- الهوارية
- قليبية
- حمام لغزاز
- الحمامات
- منزل بوزلفة
-منزل تميم
-سليمان
- تاكلسة
-
جهة زغوان:
- الزريبة
- جبل الوسط
- الفحص
- بئر مشارقة
- الناظور
- زغوان المدينة
- الصوّاف
-
جهة بنزرت:
-منزل عبد الرحمان
-العالية
-اللواتة
- الزواوين
- عوسجة
- رأس الجبل
- غار الملح
- أوتيك
- غزالة
- منزل بورقيبة
- سجنان
- الخيتمين
-جرزونة
- ماطر
- تينجة
مع عودة
الكهرباء دون سابق إعلام
. لذا، يُرجى اتخاذ التدابير الاحتياطية اللازمة
.
هذه القائمة ليست نهائية و يمكن أن تشمل مناطق أخرى.
*للتبليغ عن أي طارئ أو لطلب مزيد من المعلومات، تضع الشركة على ذمّة حرفائها رقم الخدمات التالي :
71.239.222
، كما يمكنهم الاتصال بأرقام الهاتف المذكورة على فاتورات الاستهلاك.",,2026-07-21,06:00,12:00,جهة الشمال,جهة الوطن القبلي:; عين كميشة; قربة; دار شعبان; بني خيار; المعمورة; قرمبالية; الهوارية; قليبية; حمام لغزاز; الحمامات; منزل بوزلفة; منزل تميم; سليمان; تاكلسة; جهة زغوان:; الزريبة; جبل الوسط; الفحص; بئر مشارقة; الناظور; زغوان المدينة; الصوّاف; جهة بنزرت:; منزل عبد الرحمان; العالية; اللواتة; الزواوين; عوسجة; رأس الجبل; غار الملح; أوتيك; غزالة; منزل بورقيبة; سجنان; الخيتمين; جرزونة; ماطر; تينجة,2026-08-11 15:21:27
https://www.steg.com.tn/fr/news/395dcf26013b,إشعار بانقطاع الكهرباء - جهة الشمال - 13:00 27/07/2026,"إشعار بانقطاع الكهرباء
جهة الشمال
في إطار الحفاظ على سلامة و ديمومة المنظومة الكهربائية، تعلم الشركة التونسية للكهرباء و الغاز أنّه قد يتمّ اللجوء إلى
القطع الدوري
للكهرباء
اليوم الاثنين 27 جويلية 2026، خلال الفترة المتراوحة
بين الساعة الواحدة بعد الزوال والساعة الخامسة مساء
، وعلى فترات متقطّعة ، حسب ما تمليه علينا وضعية الشبكة، على مستوى المناطق التالية :
جهة الوطن القبلي
جهة زغوان
جهة بنزرت
المعمورة
تاكلسة
عين كميشة
بني خيار
منزل حر
قربة
الزريبة
بوعشير
جرادو
الناظور
زغوان
جرزونة
منزل عبد الرحمان
الماتلين
رأس الجبل
منزل جميل
ماطر
مع عودة
الكهرباء دون سابق إعلام
. لذا، يُرجى اتخاذ التدابير الوقائية اللازمة
.
هذه القائمة ليست نهائية و يمكن أن تشمل مناطق أخرى، مع إمكانية تجاوز الفترة المذكورة أعلاه حسب التطورات ومتطلبات التوازن بين الإنتاج و الاستهلاك.
*للتبليغ عن أي طارئ أو لطلب مزيد من المعلومات، تضع الشركة على ذمّة حرفائها رقم الخدمات التالي :
71.239.222
، كما يمكنهم الاتصال بأرقام الهاتف المذكورة على فواتير الاستهلاك.",,2026-07-27,13:00,17:00,جهة الشمال,جهة الوطن القبلي; جهة زغوان; جهة بنزرت; المعمورة; تاكلسة; عين كميشة; بني خيار; منزل حر; قربة; الزريبة; بوعشير; جرادو; الناظور; زغوان; جرزونة; منزل عبد الرحمان; الماتلين; رأس الجبل; منزل جميل; ماطر,2026-08-11 15:21:27
https://www.steg.com.tn/fr/news/c4443644b826,إشعار بانقطاع الكهرباء - جهة الوسط - 13:00 06/08/2026,"إشعار بانقطاع الكهرباء
جهة الوسط
في إطار الحفاظ على سلامة و ديمومة منظومتها الكهربائية، تعلم الشركة التونسية للكهرباء و الغاز أنّه قد يتمّ اللجوء إلى
القطع الدوري للكهرباء
اليوم الخميس 06 أوت 2026، خلال الفترة المتراوحة
بين الساعة الواحدة والساعة الرابعة بعد الزوال
،  وعلى فترات متقطّعة ، على أن لا تتجاوز ساعتين للفترة الواحدة ، حسب ما تمليه علينا وضعية الشبكة، و ذلك على مستوى المناطق التالية :
رقّادة
بوحجلة
نصر الله
منزل المهيري
أولاد عاشور
السهيلات
السبيبة
العلا
النفيضة
هرقلة
بوفيشة
المنطقة الصناعيّة بالنفيضة
حمّام سوسة
أكودة
الحي الجامعي
القلعة الصغيرة
جمّال
قصر هلال
صيّادة
زاوية قنطش
شتيوين
بنبلة
مساكن
بوحجر
الساحلين
منزل كامل
المكنين
الشابّة
البقالطة
شربان
رجيش
السواسي
كركر
سيدي بوعلي
القلعة الكبيرة
الرياض
خزامة
سهلول3
أولاد الشامخ
المنطقة الصناعيّة الجم
بنان
طوزة
مع عودة
الكهرباء
دون سابق إعلام
. لذا، يُرجى اتخاذ التدابير الوقائية اللازمة
.
هذه القائمة ليست نهائية و يمكن أن تشمل مناطق أخرى، حسب التطورات ومتطلبات التوازن بين الإنتاج و الاستهلاك.
*للتبليغ عن أي طارئ أو لطلب مزيد من المعلومات، تضع الشركة على ذمّة حرفائها رقم الخدمات التالي :
71.239.222
، كما يمكنهم الاتصال بأرقام الهاتف المذكورة على فواتير الاستهلاك.
وتتقدم الشركة باعتذارها عن هذا الإجراء الاستثنائي، وتعوّل على تفهم حرفائها الكرام وتعاونهم
.",,2026-08-06,01:00,03:00,جهة الوسط,رقّادة; بوحجلة; نصر الله; منزل المهيري; أولاد عاشور; السهيلات; السبيبة; العلا; النفيضة; هرقلة; بوفيشة; المنطقة الصناعيّة بالنفيضة; حمّام سوسة; أكودة; الحي الجامعي; القلعة الصغيرة; جمّال; قصر هلال; صيّادة; زاوية قنطش; شتيوين; بنبلة; مساكن; بوحجر; الساحلين; منزل كامل; المكنين; الشابّة; البقالطة; شربان; رجيش; السواسي; كركر; سيدي بوعلي; القلعة الكبيرة; الرياض; خزامة; سهلول3; أولاد الشامخ; المنطقة الصناعيّة الجم; بنان; طوزة,2026-08-11 15:21:27
https://www.steg.com.tn/fr/news/8f0c44a779b6,إشعار بانقطاع الكهرباء - ولاية صفاقس - 18/07/2026,"إشعار بانقطاع الكهرباء
ولاية صفاقس
في إطار الحفاظ على سلامة و ديمومة المنظومة الكهربائية، تعلم الشركة التونسية للكهرباء و الغاز أنّه قد يتمّ اللجوء إلى
القطع الدوري للكهرباء ال
يوم
السبت 18 جويلية 2026
، خلال الفترة المتراوحة
بين
الساعة الخامسة مساءا والعاشرة ليلا،
وعلى فترات متقطّعة
، على مستوى المناطق التالية :
-
معتمدية الغريبة
-
معتمدية الصخيرة
-
معتمدية منزل شاكر
-
وسط مدينة صفاقس
-
المحرس
-
بئر علي بن خليفة
-
عقارب
-
الحنشة
-
جبنيانة
مع عودة
الكهرباء دون سابق إعلام
. لذا، يُرجى اتخاذ التدابير الاحتياطية اللازمة
.
هذه القائمة ليست نهائية و يمكن أن تشمل مناطق أخرى.
*للتبليغ عن أي طارئ أو لطلب مزيد من المعلومات، تضع الشركة على ذمّة حرفائها رقم الخدمات التالي :
71.239.222
، كما يمكنهم الاتصال بأرقام الهاتف المذكورة على فاتورات الاستهلاك.",,2026-07-18,17:00,22:00,جهة صفاقس,معتمدية الغريبة; معتمدية الصخيرة; معتمدية منزل شاكر; وسط مدينة صفاقس; المحرس; بئر علي بن خليفة; عقارب; الحنشة; جبنيانة,2026-08-11 15:21:27
https://www.steg.com.tn/fr/news/15cea73d6caf,إشعار بانقطاع الكهرباء - جهة الشمال الغربي - 18:00 22/07/2026,"إشعار بانقطاع الكهرباء
جهة الشمال الغربي
في إطار الحفاظ على سلامة و ديمومة المنظومة الكهربائية، تعلم الشركة التونسية للكهرباء و الغاز أنّه قد يتمّ اللجوء إلى
القطع الدوري للكهرباء
اليوم الأربعاء 22 جويلية 2026، خلال الفترة المتراوحة
بين الساعة السادسة مساء والساعة العاشرة ليلا
،
وعلى فترات متقطّعة
، على مستوى المناطق التالية :
مكثر
الجريصة
الدهماني
شمتو
وادي مليز
الكريب
قبلاط
القلعة الخصباء
سيدي اسماعيل
نفزة
مع عودة
الكهرباء دون سابق إعلام
. لذا، يُرجى اتخاذ التدابير الاحتياطية اللازمة
.
هذه القائمة ليست نهائية و يمكن أن تشمل مناطق أخرى.
*للتبليغ عن أي طارئ أو لطلب مزيد من المعلومات، تضع الشركة على ذمّة حرفائها رقم الخدمات التالي :
71.239.222
، كما يمكنهم الاتصال بأرقام الهاتف المذكورة على فاتورات الاستهلاك.",,2026-07-22,18:00,22:00,جهة الشمال,مكثر; الجريصة; الدهماني; شمتو; وادي مليز; الكريب; قبلاط; القلعة الخصباء; سيدي اسماعيل; نفزة,2026-08-11 15:21:27
https://www.steg.com.tn/fr/news/34b8dc709aab,إشعار بانقطاع الكهرباء - جهة الجنوب - 18/07/2026,"إشعار بانقطاع الكهرباء
جهة الجنوب
في إطار الحفاظ على سلامة و ديمومة المنظومة الكهربائية، تعلم الشركة التونسية للكهرباء و الغاز أنّه قد يتمّ اللجوء إلى
القطع الدوري للكهرباء ال
يوم
السبت 18 جويلية 2026
، خلال الفترة المتراوحة
بين
الساعة الخامسة مساءا والعاشرة ليلا،
وعلى فترات متقطّعة
، على مستوى المناطق التالية :
جهة قابس
جهة  جربة
جهة قبلي
جهة تطاوين
جهة جرجيس
جهة مدنين
بن قردان
-البلد
-شطّ السلام
-شنتش
-كتانة
- لعكاريت
- مطوية
- منزل لحبيب
- أغير
- أجيم
-حومة السّوق
- ملّيتة
- سدويكش
- قلالة
- تلات
- رجيم معتوق
- غديمة
- فوّار
- نقة
- صبريّة
- بشري
- سوق الأحد
- جمنة
- دوز
- الزهراء
-تطاوين الجديدة
-بئر لحمر
حي واد القمح
-رمادة
- تطاوين المدينة
-السمّار
-البساتين
-حاسي الجربي
-الشمّاخ
-لموانسة
-جرجيس المدينة
- بني خداش
- طريق قابس
- ليصيفر
- تاجرة
- حي النسيم
- الشرايحة
- الدرغولية
- حسي عمر
- حي طريق تطاوين
-خروبة
-النفّاتية
-معمّرات
-جلاّل
مع عودة
الكهرباء دون سابق إعلام
. لذا، يُرجى اتخاذ التدابير الاحتياطية اللازمة
.
هذه القائمة ليست نهائية و يمكن أن تشمل مناطق أخرى.
*للتبليغ عن أي طارئ أو لطلب مزيد من المعلومات، تضع الشركة على ذمّة حرفائها رقم الخدمات التالي :
71.239.222
، كما يمكنهم الاتصال بأرقام الهاتف المذكورة على فاتورات الاستهلاك.",,2026-07-18,17:00,22:00,جهة الجنوب,جهة قابس; جهة جربة; جهة قبلي; جهة تطاوين; جهة جرجيس; جهة مدنين; بن قردان; البلد; شطّ السلام; شنتش; كتانة; لعكاريت; مطوية; منزل لحبيب; أغير; أجيم; حومة السّوق; ملّيتة; سدويكش; قلالة; تلات; رجيم معتوق; غديمة; فوّار; نقة; صبريّة; بشري; سوق الأحد; جمنة; دوز; الزهراء; تطاوين الجديدة; بئر لحمر; حي واد القمح; رمادة; تطاوين المدينة; السمّار; البساتين; حاسي الجربي; الشمّاخ; لموانسة; جرجيس المدينة; بني خداش; طريق قابس; ليصيفر; تاجرة; حي النسيم; الشرايحة; الدرغولية; حسي عمر; حي طريق تطاوين; خروبة; النفّاتية; معمّرات; جلاّل,2026-08-11 15:21:27
https://www.steg.com.tn/fr/news/3c9ee032e80a,إشعار بانقطاع الكهرباء - جهة الجنوب - 11:00 24/07/2026,"إشعار بانقطاع الكهرباء
جهة الجنوب
في إطار الحفاظ على سلامة و ديمومة المنظومة الكهربائية، تعلم الشركة التونسية للكهرباء و الغاز أنّه قد يتمّ اللجوء إلى
القطع الدوري للكهرباء
اليوم الجمعة 24 جويلية 2026، خلال الفترة المتراوحة
بين الساعة الحادية عشر صباحا و الساعة الخامسة مساء
، وعلى فترات متقطّعة ، حسب ما تمليه علينا وضعية الشبكة، على مستوى المناطق التالية :
جهة قابس
جربة
قبلي
تطاوين
جرجيس - بنقردان
مدنين
- حي الازدهار
-تبلبو
- الموازير
- الشماطي
- حي الأمل
- غنوش
- وذرف
- شنني
- الحامة
- مارث
- الزارات
- أغير
- سدويكش
- الناظور
- ايليس
- حومة السوق
- ميدون
- الجرف
- محراب
- راس العين
- قبلي الشمالية
- النزلة
- دوز الشرقي
- دوز الغربي
- نويل
- زعفران
- القلعة
-بير لحمر
- السمار
- بني مهيرة
- حي واد القمح
- غمراسن
- رمادة
- الزاوية
- الهشام
- حي الموانسة
- البساتين
- النفاتية
- الجميلة
- جلال
- راس جدير
- حسي عمر
- حي ابن سينا
- حي طريق تطاوين
- حي النور
- الشرايحة
- بني خداش
مع عودة
الكهرباء دون سابق إعلام
. لذا، يُرجى اتخاذ التدابير الاحتياطية اللازمة
.
هذه القائمة ليست نهائية و يمكن أن تشمل مناطق أخرى، مع إمكانية تجاوز الفترة المذكورة أعلاه حسب التطورات ومتطلبات التوازن بين الإنتاج و الاستهلاك.
*للتبليغ عن أي طارئ أو لطلب مزيد من المعلومات، تضع الشركة على ذمّة حرفائها رقم الخدمات التالي :
71.239.222
، كما يمكنهم الاتصال بأرقام الهاتف المذكورة على فواتير الاستهلاك.",,2026-07-24,11:00,17:00,جهة الجنوب,جهة قابس; جربة; قبلي; تطاوين; جرجيس - بنقردان; مدنين; حي الازدهار; تبلبو; الموازير; الشماطي; حي الأمل; غنوش; وذرف; شنني; الحامة; مارث; الزارات; أغير; سدويكش; الناظور; ايليس; حومة السوق; ميدون; الجرف; محراب; راس العين; قبلي الشمالية; النزلة; دوز الشرقي; دوز الغربي; نويل; زعفران; القلعة; بير لحمر; السمار; بني مهيرة; حي واد القمح; غمراسن; رمادة; الزاوية; الهشام; حي الموانسة; البساتين; النفاتية; الجميلة; جلال; راس جدير; حسي عمر; حي ابن سينا; حي طريق تطاوين; حي النور; الشرايحة; بني خداش,2026-08-11 15:21:27
https://www.steg.com.tn/fr/news/03bed7194e1b,إشعار بانقطاع الكهرباء - جهة تونس الكبرى - 13:00 06/08/2026,"إشعار بانقطاع الكهرباء
جهة تونس الكبرى
في إطار الحفاظ على سلامة و ديمومة منظومتها الكهربائية، تعلم الشركة التونسية للكهرباء و الغاز أنّه قد يتمّ اللجوء إلى
القطع الدوري للكهرباء
اليوم الخميس 06 أوت 2026، خلال الفترة المتراوحة
بين الساعة الواحدة والساعة الرابعة بعد الزوال
،  وعلى فترات متقطّعة ، على أن لا تتجاوز ساعتين للفترة الواحدة ، حسب ما تمليه علينا وضعية الشبكة، و ذلك على مستوى المناطق التالية :
الغزالة
المحمدية
الكرم
مرناق
برج السدرية
رادس
حلق الوادي
بن عروس
مقرين
عين زغوان
النصر
سكرة
المدينة الجديدة
حدائق المنزه
برج الطويل
صنهاجة
الجديدة
منوبة
مع عودة
الكهرباء
دون سابق إعلام
. لذا، يُرجى اتخاذ التدابير الوقائية اللازمة
.
هذه القائمة ليست نهائية و يمكن أن تشمل مناطق أخرى، حسب التطورات ومتطلبات التوازن بين الإنتاج و الاستهلاك.
*للتبليغ عن أي طارئ أو لطلب مزيد من المعلومات، تضع الشركة على ذمّة حرفائها رقم الخدمات التالي :
71.239.222
، كما يمكنهم الاتصال بأرقام الهاتف المذكورة على فواتير الاستهلاك.
وتتقدم الشركة باعتذارها عن هذا الإجراء الاستثنائي، وتعوّل على تفهم حرفائها الكرام وتعاونهم
.",,2026-08-06,01:00,13:00,جهة تونس الكبرى,الغزالة; المحمدية; الكرم; مرناق; برج السدرية; رادس; حلق الوادي; بن عروس; مقرين; عين زغوان; النصر; سكرة; المدينة الجديدة; حدائق المنزه; برج الطويل; صنهاجة; الجديدة; منوبة,2026-08-11 15:21:27
https://www.steg.com.tn/fr/news/9d0f32b4fd95,إشعار بانقطاع الكهرباء - جهة الجنوب - 11:30 04/08/2026,"إشعار بانقطاع الكهرباء
جهة الجنوب
في إطار الحفاظ على سلامة و ديمومة منظومتها الكهربائية، تعلم الشركة التونسية للكهرباء و الغاز أنّه قد يتمّ اللجوء إلى
القطع الدوري للكهرباء
اليوم الثلاثاء 04 أوت 2026، خلال الفترة المتراوحة
بين الساعة الحادية عشر و النصف صباحا و الساعة الخامسة مساء
،  وعلى فترات متقطّعة ، على أن لا تتجاوز ساعتين للفترة الواحدة ، حسب ما تمليه علينا وضعية الشبكة، و ذلك على مستوى المناطق التالية :
جهة قابس
جربة
قبلي
تطاوين
جرجيس - بنقردان
مدنين
- حي الأمل
- تبلبو
- حي الزهور
- مطرّش
- الحامّة
- وذرف
- المطوية
- مارث
-حومة السوق
- ميدون
- الساقية
- قلالة
- ربانة
- الجرف
-راس العين
- جنعورة
- جمنة
- دوز
- نويل
- زعفران
- الفوّار
- سوق الأحد
-تطاوين الجديدة
- رمادة
- غمراسن
- الزهراء
- الصمار
- الذهيبة
-الزاوية
- البساتين
- الموانسة
- الهشام
- طريق راس جدير
- جلال
- الجميلة
- حي مارس
- حي طريق تطاوين
- حي طريق قابس
- الشرايحة
- الدرغولية
- بني خداش
- كوتين
مع عودة
الكهرباء
دون سابق إعلام
. لذا، يُرجى اتخاذ التدابير الوقائية اللازمة
.
هذه القائمة ليست نهائية و يمكن أن تشمل مناطق أخرى، حسب التطورات ومتطلبات التوازن بين الإنتاج و الاستهلاك.
*للتبليغ عن أي طارئ أو لطلب مزيد من المعلومات، تضع الشركة على ذمّة حرفائها رقم الخدمات التالي :
71.239.222
، كما يمكنهم الاتصال بأرقام الهاتف المذكورة على فواتير الاستهلاك.
وتتقدم الشركة باعتذارها عن هذا الإجراء الاستثنائي، وتعوّل على تفهم حرفائها الكرام وتعاونهم
.",,2026-08-04,11:00,13:00,جهة الجنوب,جهة قابس; جربة; قبلي; تطاوين; جرجيس - بنقردان; مدنين; حي الأمل; تبلبو; حي الزهور; مطرّش; الحامّة; وذرف; المطوية; مارث; حومة السوق; ميدون; الساقية; قلالة; ربانة; الجرف; راس العين; جنعورة; جمنة; دوز; نويل; زعفران; الفوّار; سوق الأحد; تطاوين الجديدة; رمادة; غمراسن; الزهراء; الصمار; الذهيبة; الزاوية; البساتين; الموانسة; الهشام; طريق راس جدير; جلال; الجميلة; حي مارس; حي طريق تطاوين; حي طريق قابس; الشرايحة; الدرغولية; بني خداش; كوتين,2026-08-11 15:21:27
https://www.steg.com.tn/fr/news/224c22a580be,إشعار بانقطاع الكهرباء - جهة الشمال الغربي - 18/07/2026,"إشعار بانقطاع الكهرباء
جهة الشمال الغربي
في إطار الحفاظ على سلامة و ديمومة المنظومة الكهربائية، تعلم الشركة التونسية للكهرباء و الغاز أنّه قد يتمّ اللجوء إلى
القطع الدوري للكهرباء ال
يوم
السبت 18 جويلية 2026
، خلال الفترة المتراوحة
بين
الساعة الخامسة مساءا و العاشرة ليلا
،
وعلى فترات متقطّعة
، على مستوى المناطق التالية :
- مجاز الباب
- بوعرادة
- التويرخ
- نبّر
- القلعة الخصبة
- العروسة
- نفزة
- وشتاتة
- مكثر
مع عودة
الكهرباء دون سابق إعلام
. لذا، يُرجى اتخاذ التدابير الاحتياطية اللازمة
.
هذه القائمة ليست نهائية و يمكن أن تشمل مناطق أخرى.
*للتبليغ عن أي طارئ أو لطلب مزيد من المعلومات، تضع الشركة على ذمّة حرفائها رقم الخدمات التالي :
71.239.222
، كما يمكنهم الاتصال بأرقام الهاتف المذكورة على فاتورات الاستهلاك.",,2026-07-18,17:00,22:00,جهة الشمال,مجاز الباب; بوعرادة; التويرخ; نبّر; القلعة الخصبة; العروسة; نفزة; وشتاتة; مكثر,2026-08-11 15:21:27
https://www.steg.com.tn/fr/news/f912dcd1cc2e,إشعار بانقطاع الكهرباء - جهة الوسط - 10:00 20/07/2026,"إشعار بانقطاع الكهرباء
جهة الوسط
في إطار الحفاظ على سلامة و ديمومة المنظومة الكهربائية، تعلم الشركة التونسية للكهرباء و الغاز أنّه قد يتمّ اللجوء إلى
القطع الدوري للكهرباء ال
يوم
الاثنين 20 جويلية 2026
، خلال الفترة المتراوحة
بين
الساعة العاشرة صباحا و الساعة الخامسة مساءا
،
وعلى فترات متقطّعة
، على مستوى المناطق التالية :
رقادة
بوحجلة
دار الجمعية
أولاد عاشور
السهيلات
السبيبة
العلا
رجيش
حمام سوسة
الحي الجامعي
القلعة الصغيرة
قصر لمطة
قصر هلال
صيادة
طبلبة
عين جلولة
جمّال
بمبلة
مساكن
بوحجر
زاوية قنوش
الساحلين
منزل كامل
المكنين
الشابة
السواسي
كركر
سيدي بوعلي
القلعة الكبيرة
أولاد الشامخ
مع عودة
الكهرباء دون سابق إعلام
. لذا، يُرجى اتخاذ التدابير الاحتياطية اللازمة
.
هذه القائمة ليست نهائية و يمكن أن تشمل مناطق أخرى.
*للتبليغ عن أي طارئ أو لطلب مزيد من المعلومات، تضع الشركة على ذمّة حرفائها رقم الخدمات التالي :
71.239.222
، كما يمكنهم الاتصال بأرقام الهاتف المذكورة على فاتورات الاستهلاك.",,2026-07-20,10:00,17:00,جهة الوسط,رقادة; بوحجلة; دار الجمعية; أولاد عاشور; السهيلات; السبيبة; العلا; رجيش; حمام سوسة; الحي الجامعي; القلعة الصغيرة; قصر لمطة; قصر هلال; صيادة; طبلبة; عين جلولة; جمّال; بمبلة; مساكن; بوحجر; زاوية قنوش; الساحلين; منزل كامل; المكنين; الشابة; السواسي; كركر; سيدي بوعلي; القلعة الكبيرة; أولاد الشامخ,2026-08-11 15:21:27
https://www.steg.com.tn/fr/news/e09f8ad5c0f0,إشعار بانقطاع الكهرباء - جهة الشمال - 12:00 21/07/2026,"إشعار بانقطاع الكهرباء
جهة الشمال
في إطار الحفاظ على سلامة و ديمومة المنظومة الكهربائية، تعلم الشركة التونسية للكهرباء و الغاز أنّه قد يتمّ اللجوء إلى
القطع الدوري للكهرباء ال
يوم
ال
يوم
الثلاثاء 21 جويلية 2026
، خلال الفترة المتراوحة
بين
الساعة منتصف النهار و الساعة العاشرة ليلا،
وعلى فترات متقطّعة
، على مستوى المناطق التالية :
جهة الوطن القبلي
جهة زغوان
جهة بنزرت
قليبية
حمام لغزاز
الميدة
بني خلاد
الهوارية
منزل تميم
دار علوش
الحمامات
منزل بوزلفة
بوعرقوب
زغوان
الفحص
صوّاف
الزريبة
بوعشير
جرادو
جبل الوسط
بير مشارقة
سجنان
جومين
الماتلين
راس الجبل
منزل عبد الرحمان
العالية
غار الملح
منزل جميل
ماطر
تينجة
مع عودة
الكهرباء دون سابق إعلام
. لذا، يُرجى اتخاذ التدابير الاحتياطية اللازمة
.
هذه القائمة ليست نهائية و يمكن أن تشمل مناطق أخرى.
*للتبليغ عن أي طارئ أو لطلب مزيد من المعلومات، تضع الشركة على ذمّة حرفائها رقم الخدمات التالي :
71.239.222
، كما يمكنهم الاتصال بأرقام الهاتف المذكورة على فاتورات الاستهلاك.",,2026-07-21,12:00,22:00,جهة الشمال,جهة الوطن القبلي; جهة زغوان; جهة بنزرت; قليبية; حمام لغزاز; الميدة; بني خلاد; الهوارية; منزل تميم; دار علوش; الحمامات; منزل بوزلفة; بوعرقوب; زغوان; الفحص; صوّاف; الزريبة; بوعشير; جرادو; جبل الوسط; بير مشارقة; سجنان; جومين; الماتلين; راس الجبل; منزل عبد الرحمان; العالية; غار الملح; منزل جميل; ماطر; تينجة,2026-08-11 15:21:27
https://www.steg.com.tn/fr/news/7a351f689d57,إشعار بانقطاع الكهرباء - جهة تونس الكبرى - 11:00 24/07/2026,"إشعار بانقطاع الكهرباء
جهة تونس الكبرى
في إطار الحفاظ على سلامة و ديمومة المنظومة الكهربائية، تعلم الشركة التونسية للكهرباء و الغاز أنّه قد يتمّ اللجوء إلى
القطع الدوري للكهرباء
اليوم الجمعة 24 جويلية 2026، خلال الفترة المتراوحة
بين الساعة الحادية عشر صباحا و الساعة الخامسة مساء
، وعلى فترات متقطّعة ، حسب ما تمليه علينا وضعية الشبكة، على مستوى المناطق التالية :
المنازه
المنارات
النصر
عين زغوان
حدائق قرطاج
قصر السعيد
الكرم
حلق الوادي
طبربة
الجديّدة
سيدي ثابت
برج الطويل
فوشانة
المغيرة
المرسى
برج الطويل
برج السدرية
سكرة
المروج
مقرين
رادس
الزهراء
حمام الأنف
بومهل
البحيرة
مع عودة
الكهرباء دون سابق إعلام
. لذا، يُرجى اتخاذ التدابير الاحتياطية اللازمة
.
هذه القائمة ليست نهائية و يمكن أن تشمل مناطق أخرى، مع إمكانية تجاوز الفترة المذكورة أعلاه حسب التطورات ومتطلبات التوازن بين الإنتاج و الاستهلاك.
*للتبليغ عن أي طارئ أو لطلب مزيد من المعلومات، تضع الشركة على ذمّة حرفائها رقم الخدمات التالي :
71.239.222
، كما يمكنهم الاتصال بأرقام الهاتف المذكورة على فواتير الاستهلاك.",,2026-07-24,11:00,17:00,جهة تونس الكبرى,المنازه; المنارات; النصر; عين زغوان; حدائق قرطاج; قصر السعيد; الكرم; حلق الوادي; طبربة; الجديّدة; سيدي ثابت; برج الطويل; فوشانة; المغيرة; المرسى; برج الطويل; برج السدرية; سكرة; المروج; مقرين; رادس; الزهراء; حمام الأنف; بومهل; البحيرة,2026-08-11 15:21:27
https://www.steg.com.tn/fr/news/6f110abc6a95,إشعار بانقطاع الكهرباء - جهة الجنوب الغربي - 20:00 24/07/2026,"إشعار بانقطاع الكهرباء
جهة الجنوب الغربي
في إطار الحفاظ على سلامة و ديمومة المنظومة الكهربائية، تعلم الشركة التونسية للكهرباء و الغاز أنّه قد يتمّ اللجوء إلى
القطع الدوري للكهرباء
اليوم الجمعة 24 جويلية 2026، خلال الفترة المتراوحة
بين الساعة الثامنة مساء و الساعة الحادية عشر ليلا
، وعلى فترات متقطّعة ، حسب ما تمليه علينا وضعية الشبكة، على مستوى المناطق التالية :
خمودة بودرياس
سوق الجديد
اولاد حمد
مكارم
أولاد حفوز
فريانة
قفصة الشمالية
السبالة
الرقاب
نفطة
دقاش
العمايميّة
مع عودة
الكهرباء دون سابق إعلام
. لذا، يُرجى اتخاذ التدابير الوقائية اللازمة
.
هذه القائمة ليست نهائية و يمكن أن تشمل مناطق أخرى، مع إمكانية تجاوز الفترة المذكورة أعلاه حسب التطورات ومتطلبات التوازن بين الإنتاج و الاستهلاك.
*للتبليغ عن أي طارئ أو لطلب مزيد من المعلومات، تضع الشركة على ذمّة حرفائها رقم الخدمات التالي :
71.239.222
، كما يمكنهم الاتصال بأرقام الهاتف المذكورة على فواتير الاستهلاك.",,2026-07-24,20:00,23:00,جهة الجنوب,خمودة بودرياس; سوق الجديد; اولاد حمد; مكارم; أولاد حفوز; فريانة; قفصة الشمالية; السبالة; الرقاب; نفطة; دقاش; العمايميّة,2026-08-11 15:21:27
https://www.steg.com.tn/fr/news/7bc388861b0c,إشعار بانقطاع الكهرباء - ولاية صفاقس - 13:00 27/07/2026,"إشعار بانقطاع الكهرباء
ولاية صفاقس
في إطار الحفاظ على سلامة و ديمومة المنظومة الكهربائية، تعلم الشركة التونسية للكهرباء و الغاز أنّه قد يتمّ اللجوء إلى
القطع الدوري للكهرباء
اليوم الاثنين 27 جويلية 2026، خلال الفترة المتراوحة
بين الساعة الواحدة بعد الزوال والساعة الخامسة مساء
،  وعلى فترات متقطّعة ، حسب ما تمليه علينا وضعية الشبكة، على مستوى المناطق التالية :
المحرس
العامرة
طينة
صفاقس الغربية
صفاقس المدينة
ساقية الزيت
ساقية الدائر
جبنيانة
الحنشة
منزل شاكر
صفاقس الجنوبية
مع عودة
الكهرباء دون سابق إعلام
. لذا، يُرجى اتخاذ التدابير الوقائية اللازمة
.
هذه القائمة ليست نهائية و يمكن أن تشمل مناطق أخرى، مع إمكانية تجاوز الفترة المذكورة أعلاه حسب التطورات ومتطلبات التوازن بين الإنتاج و الاستهلاك.
*للتبليغ عن أي طارئ أو لطلب مزيد من المعلومات، تضع الشركة على ذمّة حرفائها رقم الخدمات التالي :
71.239.222
، كما يمكنهم الاتصال بأرقام الهاتف المذكورة على فواتير الاستهلاك.",,2026-07-27,13:00,17:00,جهة صفاقس,المحرس; العامرة; طينة; صفاقس الغربية; صفاقس المدينة; ساقية الزيت; ساقية الدائر; جبنيانة; الحنشة; منزل شاكر; صفاقس الجنوبية,2026-08-11 15:21:27
https://www.steg.com.tn/fr/news/b8d7c0714c34,إشعار بانقطاع الكهرباء - جهة الوسط - 10:00 22/07/2026,"إشعار بانقطاع الكهرباء
جهة الوسط
في إطار الحفاظ على سلامة و ديمومة المنظومة الكهربائية، تعلم الشركة التونسية للكهرباء و الغاز أنّه قد يتمّ اللجوء إلى
القطع الدوري للكهرباء
اليوم الأربعاء 22 جويلية 2026، خلال الفترة المتراوحة
بين الساعة العاشرة صباحا والساعة الرابعة بعد الزوال
،
وعلى فترات متقطّعة
، على مستوى المناطق التالية :
رقّادة
بوحجلة
عين جلولة
نصر الله
منزل المهيري
أولاد عاشور
السهيلات
السبيبة
العلا
النفيضة
هرقلة
بوفيشة
المنطقة الصناعيّة بالنفيضة
حمّم سوسة
أكودة
الحي الجامعي
القلعة الصغيرة
قصر لمسة
جمّال
قصر هلال
صيّادة
الفرينة المنستير
القيروان المدينة
زاوية قنطش
حي التعمير سوسة
بنبلة
مساكن
بوحجر
زاويو سوسة
الساحلين
منزل كامل
المكنين
الشابّة
البقالطة
شربان
رجيش
السواسي
كركر
سيدي بوعلي
القلعة الكبيرة
الرياض
خزامة
سهلول3
أولاد الشامخ
المنطقة الصناعيّة الجم
بنان
طوزة
شتيوين
العمران
المنستير
شط مريم
بومرداس
مع عودة
الكهرباء دون سابق إعلام
. لذا، يُرجى اتخاذ التدابير الاحتياطية اللازمة
.
هذه القائمة ليست نهائية و يمكن أن تشمل مناطق أخرى.
*للتبليغ عن أي طارئ أو لطلب مزيد من المعلومات، تضع الشركة على ذمّة حرفائها رقم الخدمات التالي :
71.239.222
، كما يمكنهم الاتصال بأرقام الهاتف المذكورة على فاتورات الاستهلاك.",,2026-07-22,10:00,03:00,جهة الوسط,رقّادة; بوحجلة; عين جلولة; نصر الله; منزل المهيري; أولاد عاشور; السهيلات; السبيبة; العلا; النفيضة; هرقلة; بوفيشة; المنطقة الصناعيّة بالنفيضة; حمّم سوسة; أكودة; الحي الجامعي; القلعة الصغيرة; قصر لمسة; جمّال; قصر هلال; صيّادة; الفرينة المنستير; القيروان المدينة; زاوية قنطش; حي التعمير سوسة; بنبلة; مساكن; بوحجر; زاويو سوسة; الساحلين; منزل كامل; المكنين; الشابّة; البقالطة; شربان; رجيش; السواسي; كركر; سيدي بوعلي; القلعة الكبيرة; الرياض; خزامة; سهلول3; أولاد الشامخ; المنطقة الصناعيّة الجم; بنان; طوزة; شتيوين; العمران; المنستير; شط مريم; بومرداس,2026-08-11 15:21:27
https://www.steg.com.tn/fr/news/d42cf9a02353,إشعار بانقطاع الكهرباء - ولاية صفاقس - 11:30 04/08/2026,"إشعار بانقطاع الكهرباء
جهة صفاقس
في إطار الحفاظ على سلامة و ديمومة منظومتها الكهربائية، تعلم الشركة التونسية للكهرباء و الغاز أنّه قد يتمّ اللجوء إلى
القطع الدوري للكهرباء
اليوم الثلاثاء 04 أوت 2026، خلال الفترة المتراوحة
بين الساعة الحادية عشر و النصف صباحا و الساعة الخامسة مساء
،  وعلى فترات متقطّعة ، على أن لا تتجاوز ساعتين للفترة الواحدة ، حسب ما تمليه علينا وضعية الشبكة، و ذلك على مستوى المناطق التالية :
ساقية الزيت
ساقية الداير
بئر علي
المحرس
العامرة
طينة
صفاقس الغربية
صفاقس المدينة
جبنيانة
الحنشة
منزل شاكر
صفاقس الجنوبية
مع عودة
الكهرباء
دون سابق إعلام
. لذا، يُرجى اتخاذ التدابير الوقائية اللازمة
.
هذه القائمة ليست نهائية و يمكن أن تشمل مناطق أخرى، حسب التطورات ومتطلبات التوازن بين الإنتاج و الاستهلاك.
*للتبليغ عن أي طارئ أو لطلب مزيد من المعلومات، تضع الشركة على ذمّة حرفائها رقم الخدمات التالي :
71.239.222
، كما يمكنهم الاتصال بأرقام الهاتف المذكورة على فواتير الاستهلاك.
وتتقدم الشركة باعتذارها عن هذا الإجراء الاستثنائي، وتعوّل على تفهم حرفائها الكرام وتعاونهم
.",,2026-08-04,11:00,13:00,جهة صفاقس,ساقية الزيت; ساقية الداير; بئر علي; المحرس; العامرة; طينة; صفاقس الغربية; صفاقس المدينة; جبنيانة; الحنشة; منزل شاكر; صفاقس الجنوبية,2026-08-11 15:21:27
https://www.steg.com.tn/fr/news/c3d434356b6f,إشعار بانقطاع الكهرباء - جهة تونس الكبرى - 12:00 21/07/2026,"إشعار بانقطاع الكهرباء
جهة تونس الكبرى
في إطار الحفاظ على سلامة و ديمومة المنظومة الكهربائية، تعلم الشركة التونسية للكهرباء و الغاز أنّه قد يتمّ اللجوء إلى
القطع الدوري للكهرباء ال
يوم
الثلاثاء 21 جويلية 2026
، خلال الفترة المتراوحة
بين
الساعة منتصف النهار والساعة العاشرة ليلا،
وعلى فترات متقطّعة
، على مستوى المناطق التالية :
فوشانة
المغيرة
برج السدرية
حي التضامن
سكرة
المروج
مقرين
رادس
الزهراء
حمام الأنف
بومهل
بيرين
أريانة
دوار هيشر
المرسى
برج الطويل
مع عودة
الكهرباء دون سابق إعلام
. لذا، يُرجى اتخاذ التدابير الاحتياطية اللازمة
.
هذه القائمة ليست نهائية و يمكن أن تشمل مناطق أخرى.
*للتبليغ عن أي طارئ أو لطلب مزيد من المعلومات، تضع الشركة على ذمّة حرفائها رقم الخدمات التالي :
71.239.222
، كما يمكنهم الاتصال بأرقام الهاتف المذكورة على فاتورات الاستهلاك.",,2026-07-21,12:00,22:00,جهة تونس الكبرى,فوشانة; المغيرة; برج السدرية; حي التضامن; سكرة; المروج; مقرين; رادس; الزهراء; حمام الأنف; بومهل; بيرين; أريانة; دوار هيشر; المرسى; برج الطويل,2026-08-11 15:21:27
https://www.steg.com.tn/fr/news/90cadfd19566,إشعار بانقطاع الكهرباء - جهة الوسط - 12:00 21/07/2026,"إشعار بانقطاع الكهرباء
جهة الوسط
في إطار الحفاظ على سلامة و ديمومة المنظومة الكهربائية، تعلم الشركة التونسية للكهرباء و الغاز أنّه قد يتمّ اللجوء إلى
القطع الدوري للكهرباء ال
يوم
الثلاثاء 21 جويلية 2026
، خلال الفترة المتراوحة
بين
الساعة منتصف النهار و الساعة العاشرة ليلا
،
وعلى فترات متقطّعة
، على مستوى المناطق التالية :
رقّادة
بوحجلة
عين جلولة
نصر الله
منزل المهيري
أولاد عاشور
السهيلات
السبيبة
العلا
النفيضة
هرقلة
بوفيشة
المنطقة الصناعيّة بالنفيضة
حمّم سوسة
أكودة
الحي الجامعي
القلعة الصغيرة
قصر لمسة
جمّال
قصر هلال
صيّادة
الفرينة المنستير
القيروان المدينة
زاوية قنطش
حي التعمير سوسة
بنبلة
مساكن
بوحجر
زاوية سوسة
الساحلين
منزل كامل
المكنين
الشابّة
البقالطة
شربان
رجيش
السواسي
كركر
سيدي بوعلي
القلعة الكبيرة
الرياض
خزامة
سهلول3
أولاد الشامخ
المنطقة الصناعيّة الجم
بنان
طوزة
شتيوين
العمران
المنستير
شط مريم
بومرداس
مع عودة
الكهرباء دون سابق إعلام
. لذا، يُرجى اتخاذ التدابير الاحتياطية اللازمة
.
هذه القائمة ليست نهائية و يمكن أن تشمل مناطق أخرى.
*للتبليغ عن أي طارئ أو لطلب مزيد من المعلومات، تضع الشركة على ذمّة حرفائها رقم الخدمات التالي :
71.239.222
، كما يمكنهم الاتصال بأرقام الهاتف المذكورة على فاتورات الاستهلاك.",,2026-07-21,12:00,03:00,جهة الوسط,رقّادة; بوحجلة; عين جلولة; نصر الله; منزل المهيري; أولاد عاشور; السهيلات; السبيبة; العلا; النفيضة; هرقلة; بوفيشة; المنطقة الصناعيّة بالنفيضة; حمّم سوسة; أكودة; الحي الجامعي; القلعة الصغيرة; قصر لمسة; جمّال; قصر هلال; صيّادة; الفرينة المنستير; القيروان المدينة; زاوية قنطش; حي التعمير سوسة; بنبلة; مساكن; بوحجر; زاوية سوسة; الساحلين; منزل كامل; المكنين; الشابّة; البقالطة; شربان; رجيش; السواسي; كركر; سيدي بوعلي; القلعة الكبيرة; الرياض; خزامة; سهلول3; أولاد الشامخ; المنطقة الصناعيّة الجم; بنان; طوزة; شتيوين; العمران; المنستير; شط مريم; بومرداس,2026-08-11 15:21:27
https://www.steg.com.tn/fr/news/a96e5c2e332a,إشعار بانقطاع الكهرباء - جهة الشمال - 18:00 22/07/2026,"إشعار بانقطاع الكهرباء
جهة الشمال
في إطار الحفاظ على سلامة و ديمومة المنظومة الكهربائية، تعلم الشركة التونسية للكهرباء و الغاز أنّه قد يتمّ اللجوء إلى
القطع الدوري للكهرباء
اليوم الأربعاء 22 جويلية 2026، خلال الفترة المتراوحة
بين الساعة السادسة مساء والساعة العاشرة ليلا
،
وعلى فترات متقطّعة
، على مستوى المناطق التالية :
جهة الوطن القبلي
جهة زغوان
جهة بنزرت
قليبية
حمام لغزاز
الميدة
بني خلاد
الهوارية
منزل تميم
دار علوش
الحمامات
منزل بوزلفة
بوعرقوب
زغوان
الفحص
صوّاف
الزريبة
بوعشير
جرادو
جبل الوسط
بير مشارقة
سجنان
جومين
الماتلين
راس الجبل
منزل عبد الرحمان
العالية
غار الملح
منزل جميل
ماطر
تينجة
مع عودة
الكهرباء دون سابق إعلام
. لذا، يُرجى اتخاذ التدابير الاحتياطية اللازمة
.
هذه القائمة ليست نهائية و يمكن أن تشمل مناطق أخرى.
*للتبليغ عن أي طارئ أو لطلب مزيد من المعلومات، تضع الشركة على ذمّة حرفائها رقم الخدمات التالي :
71.239.222
، كما يمكنهم الاتصال بأرقام الهاتف المذكورة على فاتورات الاستهلاك.",,2026-07-22,18:00,22:00,جهة الشمال,جهة الوطن القبلي; جهة زغوان; جهة بنزرت; قليبية; حمام لغزاز; الميدة; بني خلاد; الهوارية; منزل تميم; دار علوش; الحمامات; منزل بوزلفة; بوعرقوب; زغوان; الفحص; صوّاف; الزريبة; بوعشير; جرادو; جبل الوسط; بير مشارقة; سجنان; جومين; الماتلين; راس الجبل; منزل عبد الرحمان; العالية; غار الملح; منزل جميل; ماطر; تينجة,2026-08-11 15:21:27
https://www.steg.com.tn/fr/news/45e9870765a1,إشعار بانقطاع الكهرباء - ولاية صفاقس - 11:00 24/07/2026,"إشعار بانقطاع الكهرباء
ولاية صفاقس
في إطار الحفاظ على سلامة و ديمومة المنظومة الكهربائية، تعلم الشركة التونسية للكهرباء و الغاز أنّه قد يتمّ اللجوء إلى
القطع الدوري للكهرباء
اليوم الجمعة 24 جويلية 2026، خلال الفترة المتراوحة
بين الساعة الحادية عشر صباحا و الساعة الخامسة مساء
، وعلى فترات متقطّعة ، حسب ما تمليه علينا وضعية الشبكة، على مستوى المناطق التالية :
المحرس
الغريبة
الصخيرة
بئر علي
عقارب
العامرة
طينة
صفاقس الغربية
ساقية الزيت
ساقية الدائر
الشابة
ملولش
مع عودة
الكهرباء دون سابق إعلام
. لذا، يُرجى اتخاذ التدابير الاحتياطية اللازمة
.
هذه القائمة ليست نهائية و يمكن أن تشمل مناطق أخرى، مع إمكانية تجاوز الفترة المذكورة أعلاه حسب التطورات ومتطلبات التوازن بين الإنتاج و الاستهلاك.
*للتبليغ عن أي طارئ أو لطلب مزيد من المعلومات، تضع الشركة على ذمّة حرفائها رقم الخدمات التالي :
71.239.222
، كما يمكنهم الاتصال بأرقام الهاتف المذكورة على فواتير الاستهلاك.",,2026-07-24,11:00,17:00,جهة صفاقس,المحرس; الغريبة; الصخيرة; بئر علي; عقارب; العامرة; طينة; صفاقس الغربية; ساقية الزيت; ساقية الدائر; الشابة; ملولش,2026-08-11 15:21:27
https://www.steg.com.tn/fr/news/03c26456ecbc,إشعار بانقطاع الكهرباء - جهة تونس الكبرى - 06:00 21/07/2026,"إشعار بانقطاع الكهرباء
جهة تونس الكبرى
في إطار الحفاظ على سلامة و ديمومة المنظومة الكهربائية، تعلم الشركة التونسية للكهرباء و الغاز أنّه قد يتمّ اللجوء إلى
القطع الدوري للكهرباء ال
يوم
الثلاثاء 21 جويلية 2026
، خلال الفترة المتراوحة
بين
الساعة السادسة صباحا و الساعة منتصف النهر
،
وعلى فترات متقطّعة
، على مستوى المناطق التالية :
المنازه
المنارات
عين زغوان
حدائق قرطاج
قصر السعيد
الكرم
حلق الوادي
طبربة
الجديدة
سيدي ثابت
برج الطويل
مع عودة
الكهرباء دون سابق إعلام
. لذا، يُرجى اتخاذ التدابير الاحتياطية اللازمة
.
هذه القائمة ليست نهائية و يمكن أن تشمل مناطق أخرى.
*للتبليغ عن أي طارئ أو لطلب مزيد من المعلومات، تضع الشركة على ذمّة حرفائها رقم الخدمات التالي :
71.239.222
، كما يمكنهم الاتصال بأرقام الهاتف المذكورة على فاتورات الاستهلاك.",,2026-07-21,06:00,12:00,جهة تونس الكبرى,المنازه; المنارات; عين زغوان; حدائق قرطاج; قصر السعيد; الكرم; حلق الوادي; طبربة; الجديدة; سيدي ثابت; برج الطويل,2026-08-11 15:21:27
https://www.steg.com.tn/fr/news/f0e3821ac4d2,إشعار بانقطاع الكهرباء - جهة الجنوب - 13:00 27/07/2026,"إشعار بانقطاع الكهرباء
جهة الجنوب
في إطار الحفاظ على سلامة و ديمومة المنظومة الكهربائية، تعلم الشركة التونسية للكهرباء و الغاز أنّه قد يتمّ اللجوء إلى
القطع الدوري للكهرباء
اليوم الاثنين 27 جويلية 2026، خلال الفترة المتراوحة
بين الساعة الواحدة بعد الزوال والساعة الخامسة مساء
، وعلى فترات متقطّعة ، حسب ما تمليه علينا وضعية الشبكة، على مستوى المناطق التالية :
جهة قابس
جربة
قبلي
تطاوين
جرجيس - بنقردان
مدنين
- شنني
- موازير
- منزل لحبيب
- مطماطة
- حومة السوق
- محراب
- التلات
- الساقية
-ليماقس
- رضوان
- زعفران
- نويل
- رمادة
- غمراسن
- السمّار
- الهشام
- الزاوية
- البساتين
- الشهبانية
- جلال
- حي مارس
- الدرغولية
- حي الشرايحة
- واد السدر
مع عودة
الكهرباء دون سابق إعلام
. لذا، يُرجى اتخاذ التدابير الوقائية اللازمة
.
هذه القائمة ليست نهائية و يمكن أن تشمل مناطق أخرى، مع إمكانية تجاوز الفترة المذكورة أعلاه حسب التطورات ومتطلبات التوازن بين الإنتاج و الاستهلاك.
*للتبليغ عن أي طارئ أو لطلب مزيد من المعلومات، تضع الشركة على ذمّة حرفائها رقم الخدمات التالي :
71.239.222
، كما يمكنهم الاتصال بأرقام الهاتف المذكورة على فواتير الاستهلاك.",,2026-07-27,13:00,17:00,جهة الجنوب,جهة قابس; جربة; قبلي; تطاوين; جرجيس - بنقردان; مدنين; شنني; موازير; منزل لحبيب; مطماطة; حومة السوق; محراب; التلات; الساقية; ليماقس; رضوان; زعفران; نويل; رمادة; غمراسن; السمّار; الهشام; الزاوية; البساتين; الشهبانية; جلال; حي مارس; الدرغولية; حي الشرايحة; واد السدر,2026-08-11 15:21:28
https://www.steg.com.tn/fr/news/8619fd64d32b,إشعار بانقطاع الكهرباء - جهة الوسط - 13:00 27/07/2026,"إشعار بانقطاع الكهرباء
جهة الوسط
في إطار الحفاظ على سلامة و ديمومة المنظومة الكهربائية، تعلم الشركة التونسية للكهرباء و الغاز أنّه قد يتمّ اللجوء إلى
القطع الدوري للكهرباء
اليوم الاثنين 27 جويلية 2026، خلال الفترة المتراوحة
بين الساعة الواحدة بعد الزوال والساعة الخامسة مساء
،  وعلى فترات متقطّعة ، حسب ما تمليه علينا وضعية الشبكة، على مستوى المناطق التالية :
رقّادة
بوحجلة
نصر الله
أولاد عاشور
السهيلات
السبيبة
العلا
النفيضة
هرقلة
بوفيشة
المنطقة الصناعيّة بالنفيضة
زاوية قنطش
بنبلة
مساكن
بوحجر
زاوية سوسة
الساحلين
منزل كامل
المكنين
الشابّة
البقالطة
شربان
رجيش
السواسي
كركر
شتيوين
مع عودة
الكهرباء دون سابق إعلام
. لذا، يُرجى اتخاذ التدابير الوقائية اللازمة
.
هذه القائمة ليست نهائية و يمكن أن تشمل مناطق أخرى، مع إمكانية تجاوز الفترة المذكورة أعلاه حسب التطورات ومتطلبات التوازن بين الإنتاج و الاستهلاك.
*للتبليغ عن أي طارئ أو لطلب مزيد من المعلومات، تضع الشركة على ذمّة حرفائها رقم الخدمات التالي :
71.239.222
، كما يمكنهم الاتصال بأرقام الهاتف المذكورة على فواتير الاستهلاك.",,2026-07-27,13:00,17:00,جهة الوسط,رقّادة; بوحجلة; نصر الله; أولاد عاشور; السهيلات; السبيبة; العلا; النفيضة; هرقلة; بوفيشة; المنطقة الصناعيّة بالنفيضة; زاوية قنطش; بنبلة; مساكن; بوحجر; زاوية سوسة; الساحلين; منزل كامل; المكنين; الشابّة; البقالطة; شربان; رجيش; السواسي; كركر; شتيوين,2026-08-11 15:21:28
https://www.steg.com.tn/fr/news/64b881bef5ee,إشعار بانقطاع الكهرباء - جهة الجنوب الغربي - 13:00 27/07/2026,"إشعار بانقطاع الكهرباء
جهة الجنوب الغربي
في إطار الحفاظ على سلامة و ديمومة المنظومة الكهربائية، تعلم الشركة التونسية للكهرباء و الغاز أنّه قد يتمّ اللجوء إلى
القطع الدوري للكهرباء
اليوم الاثنين 27 جويلية 2026، خلال الفترة المتراوحة
بين الساعة الواحدة بعد الزوال والساعة الخامسة مساء
،  وعلى فترات متقطّعة ، حسب ما تمليه علينا وضعية الشبكة، على مستوى المناطق التالية :
خمودة بودرياس
سوق الجديد
اولاد حامد
مكارم
أولاد حفوز
فريانة
قفصة الشمالية
السبالة
الرقاب
نفطة
دقاش
العمايميّة
مع عودة
الكهرباء دون سابق إعلام
. لذا، يُرجى اتخاذ التدابير الوقائية اللازمة
.
هذه القائمة ليست نهائية و يمكن أن تشمل مناطق أخرى، مع إمكانية تجاوز الفترة المذكورة أعلاه حسب التطورات ومتطلبات التوازن بين الإنتاج و الاستهلاك.
*للتبليغ عن أي طارئ أو لطلب مزيد من المعلومات، تضع الشركة على ذمّة حرفائها رقم الخدمات التالي :
71.239.222
، كما يمكنهم الاتصال بأرقام الهاتف المذكورة على فواتير الاستهلاك.",,2026-07-27,13:00,17:00,جهة الجنوب,خمودة بودرياس; سوق الجديد; اولاد حامد; مكارم; أولاد حفوز; فريانة; قفصة الشمالية; السبالة; الرقاب; نفطة; دقاش; العمايميّة,2026-08-11 15:21:28
https://www.steg.com.tn/fr/news/b9c2f412c789,إشعار بانقطاع الكهرباء - جهة الوسط - 18:00 22/07/2026,"إشعار بانقطاع الكهرباء
جهة الوسط
في إطار الحفاظ على سلامة و ديمومة المنظومة الكهربائية، تعلم الشركة التونسية للكهرباء و الغاز أنّه قد يتمّ اللجوء إلى
القطع الدوري للكهرباء
اليوم الأربعاء 22 جويلية 2026، خلال الفترة المتراوحة
بين الساعة السادسة مساء والساعة العاشرة ليلا
،
وعلى فترات متقطّعة
، على مستوى المناطق التالية :
بوحجلة
نصر الله
منزل المهيري
السبيبة
العلا
النفيضة
هرقلة
بوفيشة
المنطقة الصناعيّة بالنفيضة
حماّم سوسة
أكودة
الحي الجامعي
القلعة الصغيرة
قصر لمسة
جمّال
قصر هلال
صيّادة
الفرينة المنستير
القيروان المدينة
زاوية قنطش
حي التعمير سوسة
بنبلة
مساكن
بوحجر
زاوية سوسة
الساحلين
منزل كامل
المكنين
الشابّة
البقالطة
شربان
رجيش
السواسي
كركر
سيدي بوعلي
القلعة الكبيرة
الرياض
خزامة
سهلول3
أولاد الشامخ
المنطقة الصناعيّة الجم
بنان
طوزة
شتيوين
العمران
المنستير
شط مريم
بومرداس
مع عودة
الكهرباء دون سابق إعلام
. لذا، يُرجى اتخاذ التدابير الاحتياطية اللازمة
.
هذه القائمة ليست نهائية و يمكن أن تشمل مناطق أخرى.
*للتبليغ عن أي طارئ أو لطلب مزيد من المعلومات، تضع الشركة على ذمّة حرفائها رقم الخدمات التالي :
71.239.222
، كما يمكنهم الاتصال بأرقام الهاتف المذكورة على فاتورات الاستهلاك.",,2026-07-22,18:00,03:00,جهة الوسط,بوحجلة; نصر الله; منزل المهيري; السبيبة; العلا; النفيضة; هرقلة; بوفيشة; المنطقة الصناعيّة بالنفيضة; حماّم سوسة; أكودة; الحي الجامعي; القلعة الصغيرة; قصر لمسة; جمّال; قصر هلال; صيّادة; الفرينة المنستير; القيروان المدينة; زاوية قنطش; حي التعمير سوسة; بنبلة; مساكن; بوحجر; زاوية سوسة; الساحلين; منزل كامل; المكنين; الشابّة; البقالطة; شربان; رجيش; السواسي; كركر; سيدي بوعلي; القلعة الكبيرة; الرياض; خزامة; سهلول3; أولاد الشامخ; المنطقة الصناعيّة الجم; بنان; طوزة; شتيوين; العمران; المنستير; شط مريم; بومرداس,2026-08-11 15:21:28
https://www.steg.com.tn/fr/news/9adb8c28d2db,إشعار بانقطاع الكهرباء - جهة الجنوب - 20:00 24/07/2026,"إشعار بانقطاع الكهرباء
جهة الجنوب
في إطار الحفاظ على سلامة و ديمومة المنظومة الكهربائية، تعلم الشركة التونسية للكهرباء و الغاز أنّه قد يتمّ اللجوء إلى
القطع الدوري للكهرباء
اليوم الجمعة 24 جويلية 2026، خلال الفترة المتراوحة
بين الساعة الثامنة مساء و الساعة الحادية عشر ليلا
، وعلى فترات متقطّعة ، حسب ما تمليه علينا وضعية الشبكة، على مستوى المناطق التالية :
جهة قابس
جربة
قبلي
تطاوين
جرجيس - بنقردان
مدنين
- مطرّش
- حي الأمل
- المطوية
- مطماطة
- محراب
- حومة السوق
- ميدون
- جمنة
- زعفران
- نويل
- الزهراء
- حي المهرجان
- الصمّار
- الزاوية
- الهشام
- الشمّاخ
- جلال
- حي النور
- حي طريق تطاوين
- حي طريق قابس
مع عودة
الكهرباء دون سابق إعلام
. لذا، يُرجى اتخاذ التدابير الوقائية اللازمة
.
هذه القائمة ليست نهائية و يمكن أن تشمل مناطق أخرى، مع إمكانية تجاوز الفترة المذكورة أعلاه حسب التطورات ومتطلبات التوازن بين الإنتاج و الاستهلاك.
*للتبليغ عن أي طارئ أو لطلب مزيد من المعلومات، تضع الشركة على ذمّة حرفائها رقم الخدمات التالي :
71.239.222
، كما يمكنهم الاتصال بأرقام الهاتف المذكورة على فواتير الاستهلاك.",,2026-07-24,20:00,23:00,جهة الجنوب,جهة قابس; جربة; قبلي; تطاوين; جرجيس - بنقردان; مدنين; مطرّش; حي الأمل; المطوية; مطماطة; محراب; حومة السوق; ميدون; جمنة; زعفران; نويل; الزهراء; حي المهرجان; الصمّار; الزاوية; الهشام; الشمّاخ; جلال; حي النور; حي طريق تطاوين; حي طريق قابس,2026-08-11 15:21:28
https://www.steg.com.tn/fr/news/383882403698,إشعار بانقطاع الكهرباء - جهة الشمال - 11:30 04/08/2026,"إشعار بانقطاع الكهرباء
جهة الشمال
في إطار الحفاظ على سلامة و ديمومة منظومتها الكهربائية، تعلم الشركة التونسية للكهرباء و الغاز أنّه قد يتمّ اللجوء إلى
القطع الدوري للكهرباء
اليوم الثلاثاء 04 أوت 2026، خلال الفترة المتراوحة
بين الساعة الحادية عشر و النصف صباحا و الساعة الخامسة مساء
،  وعلى فترات متقطّعة ، على أن لا تتجاوز ساعتين للفترة الواحدة ، حسب ما تمليه علينا وضعية الشبكة، و ذلك على مستوى المناطق التالية :
جهة الوطن القبلي
جهة زغوان
جهة بنزرت
الصمعة
قربة
بني خيار
المعمورة
قليبية
حمام الغزاز
الحمامات
منزل بوزلفة
منزل تميم
سليمان
تاكلسة
نابل
بني خلاد
تازركة
الزريبة
جبل الوسط
بئر مشارقة
الناظور
زغوان الشمالية
الفحص
بوعشير
منزل عبد الرحمان
الزواوين
عوسجة
غار الملح
أوتيك
غزالة
منزل بورقيبة
سجنان
الخيتمين
جرزونة
ماطر
تينجة
الماتلين
منزل جميل
مع عودة
الكهرباء
دون سابق إعلام
. لذا، يُرجى اتخاذ التدابير الوقائية اللازمة
.
هذه القائمة ليست نهائية و يمكن أن تشمل مناطق أخرى، حسب التطورات ومتطلبات التوازن بين الإنتاج و الاستهلاك.
*للتبليغ عن أي طارئ أو لطلب مزيد من المعلومات، تضع الشركة على ذمّة حرفائها رقم الخدمات التالي :
71.239.222
، كما يمكنهم الاتصال بأرقام الهاتف المذكورة على فواتير الاستهلاك.
وتتقدم الشركة باعتذارها عن هذا الإجراء الاستثنائي، وتعوّل على تفهم حرفائها الكرام وتعاونهم
.",,2026-08-04,11:00,13:00,جهة الشمال,جهة الوطن القبلي; جهة زغوان; جهة بنزرت; الصمعة; قربة; بني خيار; المعمورة; قليبية; حمام الغزاز; الحمامات; منزل بوزلفة; منزل تميم; سليمان; تاكلسة; نابل; بني خلاد; تازركة; الزريبة; جبل الوسط; بئر مشارقة; الناظور; زغوان الشمالية; الفحص; بوعشير; منزل عبد الرحمان; الزواوين; عوسجة; غار الملح; أوتيك; غزالة; منزل بورقيبة; سجنان; الخيتمين; جرزونة; ماطر; تينجة; الماتلين; منزل جميل,2026-08-11 15:21:28
https://www.steg.com.tn/fr/news/6f0ec819957a,إشعار بانقطاع الكهرباء - جهة الشمال الغربي - 18:00 23/07/2026,"إشعار بانقطاع الكهرباء
جهة الشمال الغربي
في إطار الحفاظ على سلامة و ديمومة المنظومة الكهربائية، تعلم الشركة التونسية للكهرباء و الغاز أنّه قد يتمّ اللجوء إلى
القطع الدوري للكهرباء
اليوم الخميس 23 جويلية 2026، خلال الفترة المتراوحة
بين الساعة السادسة مساء والساعة منتصف الليل
، وعلى فترات متقطّعة ، حسب ما تمليه علينا وضعية الشبكة، على مستوى المناطق التالية :
وشتاتة
نفزة
وادي مليز
غار الدماء
شمتو
بوسالم
سيدي اسماعيل
بوعرادة
العروسة
الكريب
قعفور
سيدي بورويس
تبرسق
دجبّة
الطويرف
نبّر
مجاز الباب
قبلاّط
الجريصة
الدهماني
تاجروين
الروحية
مكثر
مع عودة
الكهرباء دون سابق إعلام
. لذا، يُرجى اتخاذ التدابير الاحتياطية اللازمة
.
هذه القائمة ليست نهائية و يمكن أن تشمل مناطق أخرى، مع إمكانية تجاوز الفترة المذكورة أعلاه حسب التطورات ومتطلبات التوازن بين الإنتاج و الاستهلاك.
*للتبليغ عن أي طارئ أو لطلب مزيد من المعلومات، تضع الشركة على ذمّة حرفائها رقم الخدمات التالي :
71.239.222
، كما يمكنهم الاتصال بأرقام الهاتف المذكورة على فواتير الاستهلاك.",,2026-07-23,18:00,00:00,جهة الشمال,وشتاتة; نفزة; وادي مليز; غار الدماء; شمتو; بوسالم; سيدي اسماعيل; بوعرادة; العروسة; الكريب; قعفور; سيدي بورويس; تبرسق; دجبّة; الطويرف; نبّر; مجاز الباب; قبلاّط; الجريصة; الدهماني; تاجروين; الروحية; مكثر,2026-08-11 15:21:28
https://www.steg.com.tn/fr/news/76e61f19d281,إشعار بانقطاع الكهرباء - ولاية صفاقس - 18:00 23/07/2026,"إشعار بانقطاع الكهرباء
ولاية صفاقس
في إطار الحفاظ على سلامة و ديمومة المنظومة الكهربائية، تعلم الشركة التونسية للكهرباء و الغاز أنّه قد يتمّ اللجوء إلى
القطع الدوري للكهرباء
اليوم الخميس 23 جويلية 2026، خلال الفترة المتراوحة
بين الساعة السادسة مساء والساعة منتصف الليل
، وعلى فترات متقطّعة ، حسب ما تمليه علينا وضعية الشبكة، على مستوى المناطق التالية :
المحرس
الغريبة
الصخيرة
بئر علي
عقارب
العامرة
طينة
صفاقس الغربية
ساقية الزيت
ساقية الدائر
الشابة
ملولش
الغرابة
مع عودة
الكهرباء دون سابق إعلام
. لذا، يُرجى اتخاذ التدابير الاحتياطية اللازمة
.
هذه القائمة ليست نهائية و يمكن أن تشمل مناطق أخرى، مع إمكانية تجاوز الفترة المذكورة أعلاه حسب التطورات ومتطلبات التوازن بين الإنتاج و الاستهلاك.
*للتبليغ عن أي طارئ أو لطلب مزيد من المعلومات، تضع الشركة على ذمّة حرفائها رقم الخدمات التالي :
71.239.222
، كما يمكنهم الاتصال بأرقام الهاتف المذكورة على فواتير الاستهلاك.",,2026-07-23,18:00,00:00,جهة صفاقس,المحرس; الغريبة; الصخيرة; بئر علي; عقارب; العامرة; طينة; صفاقس الغربية; ساقية الزيت; ساقية الدائر; الشابة; ملولش; الغرابة,2026-08-11 15:21:28
https://www.steg.com.tn/fr/news/082a6d1ee534,إشعار بانقطاع الكهرباء - جهة الجنوب - 10:00 22/07/2026,"إشعار بانقطاع الكهرباء
جهة الجنوب
في إطار الحفاظ على سلامة و ديمومة المنظومة الكهربائية، تعلم الشركة التونسية للكهرباء و الغاز أنّه قد يتمّ اللجوء إلى
القطع الدوري للكهرباء
اليوم الأربعاء 22 جويلية 2026، خلال الفترة المتراوحة
بين الساعة العاشرة صباحا والساعة الرابعة بعد الزوال
،
وعلى فترات متقطّعة
، على مستوى المناطق التالية :
جهة قابس
جربة
قبلي
تطاوين
جرجيس - بنقردان
مدنين
-حي الازدهار
- حي حشاد
- جارة
- المنزل
- الشماطي
- حي الأمل
- بوشمّة
- غنّوش
- وذرف
- المطوية
- منزل لحبيب
-ميدون
- حومة السوق
- قلالة
- أجيم
- أغير
- سدويكش
- المحبوبين
- الماي
- حي طريق قابس
- راس العين
- جنعورة
- جمنة
- القلعة
- دوز
- الفوّار
- نويل
- زعفران
- تطاوين الجديدة
- حي المهرجان
- رمادة
- غمراسن
- الزهراء
- كرشاو
- الذهيبة
-البساتين
- السويحل
- الموانسة
- الشمّاخ
- الزاوية
- الشهبانية
- حي مارس
- النفاتية
- طريق راس جدير
-حي طريق تطاوين
- حي طريق قابس
- حي النور
- الشرايحة
- بنخداش
- حريش
- سيدي مخلوف
مع عودة
الكهرباء دون سابق إعلام
. لذا، يُرجى اتخاذ التدابير الاحتياطية اللازمة
.
هذه القائمة ليست نهائية و يمكن أن تشمل مناطق أخرى.
*للتبليغ عن أي طارئ أو لطلب مزيد من المعلومات، تضع الشركة على ذمّة حرفائها رقم الخدمات التالي :
71.239.222
، كما يمكنهم الاتصال بأرقام الهاتف المذكورة على فاتورات الاستهلاك.",,2026-07-22,10:00,16:00,جهة الجنوب,جهة قابس; جربة; قبلي; تطاوين; جرجيس - بنقردان; مدنين; حي الازدهار; حي حشاد; جارة; المنزل; الشماطي; حي الأمل; بوشمّة; غنّوش; وذرف; المطوية; منزل لحبيب; ميدون; حومة السوق; قلالة; أجيم; أغير; سدويكش; المحبوبين; الماي; حي طريق قابس; راس العين; جنعورة; جمنة; القلعة; دوز; الفوّار; نويل; زعفران; تطاوين الجديدة; حي المهرجان; رمادة; غمراسن; الزهراء; كرشاو; الذهيبة; البساتين; السويحل; الموانسة; الشمّاخ; الزاوية; الشهبانية; حي مارس; النفاتية; طريق راس جدير; حي طريق تطاوين; حي طريق قابس; حي النور; الشرايحة; بنخداش; حريش; سيدي مخلوف,2026-08-11 15:21:28
https://www.steg.com.tn/fr/news/420dbbeec34b,إشعار بانقطاع الكهرباء - جهة تونس الكبرى - 13:00 27/07/2026,"إشعار بانقطاع الكهرباء
جهة تونس الكبرى
في إطار الحفاظ على سلامة و ديمومة المنظومة الكهربائية، تعلم الشركة التونسية للكهرباء و الغاز أنّه قد يتمّ اللجوء إلى
القطع الدوري للكهرباء
اليوم الاثنين 27 جويلية 2026، خلال الفترة المتراوحة
بين الساعة الواحدة بعد الزوال والساعة الخامسة مساء
، وعلى فترات متقطّعة ، حسب ما تمليه علينا وضعية الشبكة، على مستوى المناطق التالية :
المروج
بن عروس
منوبة
عين زغوان
قمرت
صنهاجة
المحمدية
الجديدة
البحيرة
مع عودة
الكهرباء دون سابق إعلام
. لذا، يُرجى اتخاذ التدابير الوقائية اللازمة
.
هذه القائمة ليست نهائية و يمكن أن تشمل مناطق أخرى، مع إمكانية تجاوز الفترة المذكورة أعلاه حسب التطورات ومتطلبات التوازن بين الإنتاج و الاستهلاك.
*للتبليغ عن أي طارئ أو لطلب مزيد من المعلومات، تضع الشركة على ذمّة حرفائها رقم الخدمات التالي :
71.239.222
، كما يمكنهم الاتصال بأرقام الهاتف المذكورة على فواتير الاستهلاك.",,2026-07-27,13:00,17:00,جهة تونس الكبرى,المروج; بن عروس; منوبة; عين زغوان; قمرت; صنهاجة; المحمدية; الجديدة; البحيرة,2026-08-11 15:21:28
https://www.steg.com.tn/fr/news/c2aa319a22fb,إشعار بانقطاع الكهرباء - جهة الوسط - 11:30 04/08/2026,"إشعار بانقطاع الكهرباء
جهة الوسط
في إطار الحفاظ على سلامة و ديمومة منظومتها الكهربائية، تعلم الشركة التونسية للكهرباء و الغاز أنّه قد يتمّ اللجوء إلى
القطع الدوري للكهرباء
اليوم الثلاثاء 04 أوت 2026، خلال الفترة المتراوحة
بين الساعة الحادية عشر و النصف صباحا و الساعة الخامسة مساء
،  وعلى فترات متقطّعة ، على أن لا تتجاوز ساعتين للفترة الواحدة ، حسب ما تمليه علينا وضعية الشبكة، و ذلك على مستوى المناطق التالية :
رقّادة
بوحجلة
عين جلولة
نصر الله
منزل المهيري
أولاد عاشور
السهيلات
السبيبة
العلا
النفيضة
هرقلة
بوفيشة
المنطقة الصناعيّة بالنفيضة
حمّام سوسة
أكودة
الحي الجامعي
القلعة الصغيرة
قصر لمسة
جمّال
قصر هلال
صيّادة
زاوية قنطش
بنبلة
مساكن
بوحجر
زاويو سوسة
الساحلين
منزل كامل
المكنين
الشابّة
البقالطة
شربان
رجيش
السواسي
كركر
سيدي بوعلي
القلعة الكبيرة
الرياض
خزامة
سهلول3
أولاد الشامخ
المنطقة الصناعيّة الجم
بنان
طوزة
شتيوين
مع عودة
الكهرباء
دون سابق إعلام
. لذا، يُرجى اتخاذ التدابير الوقائية اللازمة
.
هذه القائمة ليست نهائية و يمكن أن تشمل مناطق أخرى، حسب التطورات ومتطلبات التوازن بين الإنتاج و الاستهلاك.
*للتبليغ عن أي طارئ أو لطلب مزيد من المعلومات، تضع الشركة على ذمّة حرفائها رقم الخدمات التالي :
71.239.222
، كما يمكنهم الاتصال بأرقام الهاتف المذكورة على فواتير الاستهلاك.
وتتقدم الشركة باعتذارها عن هذا الإجراء الاستثنائي، وتعوّل على تفهم حرفائها الكرام وتعاونهم
.",,2026-08-04,11:00,03:00,جهة الوسط,رقّادة; بوحجلة; عين جلولة; نصر الله; منزل المهيري; أولاد عاشور; السهيلات; السبيبة; العلا; النفيضة; هرقلة; بوفيشة; المنطقة الصناعيّة بالنفيضة; حمّام سوسة; أكودة; الحي الجامعي; القلعة الصغيرة; قصر لمسة; جمّال; قصر هلال; صيّادة; زاوية قنطش; بنبلة; مساكن; بوحجر; زاويو سوسة; الساحلين; منزل كامل; المكنين; الشابّة; البقالطة; شربان; رجيش; السواسي; كركر; سيدي بوعلي; القلعة الكبيرة; الرياض; خزامة; سهلول3; أولاد الشامخ; المنطقة الصناعيّة الجم; بنان; طوزة; شتيوين,2026-08-11 15:21:28
https://www.steg.com.tn/fr/news/086448dd89a3,إشعار بانقطاع الكهرباء - جهة تونس الكبرى - 18/07/2026,"إشعار بانقطاع الكهرباء
جهة تونس الكبرى
في إطار الحفاظ على سلامة و ديمومة المنظومة الكهربائية، تعلم الشركة التونسية للكهرباء و الغاز أنّه قد يتمّ اللجوء إلى
القطع الدوري للكهرباء ال
يوم
السبت 18 جويلية 2026
، خلال الفترة المتراوحة
بين
الساعة الخامسة مساءا والعاشرة ليلا،
وعلى فترات متقطّعة
، على مستوى المناطق التالية :
- تونس
- بن عروس
- المدينة الجديدة
- البحيرة
- السعيدية
- حدائق قرطاج
- حي الصنوبر
- المرسى
- رادس
- فوشانة
- المغيرة
- صنهاجة
- رياض الأندلس
- بحر لزرق
- الكرم
- عين زغوان
- الشرقية
- حمام الأنف
-الزهراء
- حمام الشط
- سكرة
- المروج
مع عودة
الكهرباء دون سابق إعلام
. لذا، يُرجى اتخاذ التدابير الاحتياطية اللازمة
.
هذه القائمة ليست نهائية و يمكن أن تشمل مناطق أخرى.
*للتبليغ عن أي طارئ أو لطلب مزيد من المعلومات، تضع الشركة على ذمّة حرفائها رقم الخدمات التالي :
71.239.222
، كما يمكنهم الاتصال بأرقام الهاتف المذكورة على فاتورات الاستهلاك.",,2026-07-18,17:00,22:00,جهة تونس الكبرى,تونس; بن عروس; المدينة الجديدة; البحيرة; السعيدية; حدائق قرطاج; حي الصنوبر; المرسى; رادس; فوشانة; المغيرة; صنهاجة; رياض الأندلس; بحر لزرق; الكرم; عين زغوان; الشرقية; حمام الأنف; الزهراء; حمام الشط; سكرة; المروج,2026-08-11 15:21:28
https://www.steg.com.tn/fr/news/f89c594ed91a,إشعار بانقطاع الكهرباء - جهة تونس الكبرى - 20:00 24/07/2026,"إشعار بانقطاع الكهرباء
جهة تونس الكبرى
في إطار الحفاظ على سلامة و ديمومة المنظومة الكهربائية، تعلم الشركة التونسية للكهرباء و الغاز أنّه قد يتمّ اللجوء إلى
القطع الدوري للكهرباء
اليوم الجمعة 24 جويلية 2026، خلال الفترة المتراوحة
بين الساعة الثامنة مساء و الساعة الحادية عشر ليلا
، وعلى فترات متقطّعة ، حسب ما تمليه علينا وضعية الشبكة، على مستوى المناطق التالية :
حدائق قرطاج
المرسى
المنازه
المنارات
حي النصر
برج السدرية
المروج
باردو
طبربة
الجديدة
الزهراء
حمام الأنف
حلق الوادي
الكرم
سكرة
شطرانة
سيدي فرج
مع عودة
الكهرباء دون سابق إعلام
. لذا، يُرجى اتخاذ التدابير الوقائية اللازمة
.
هذه القائمة ليست نهائية و يمكن أن تشمل مناطق أخرى، مع إمكانية تجاوز الفترة المذكورة أعلاه حسب التطورات ومتطلبات التوازن بين الإنتاج و الاستهلاك.
*للتبليغ عن أي طارئ أو لطلب مزيد من المعلومات، تضع الشركة على ذمّة حرفائها رقم الخدمات التالي :
71.239.222
، كما يمكنهم الاتصال بأرقام الهاتف المذكورة على فواتير الاستهلاك.",,2026-07-24,20:00,23:00,جهة تونس الكبرى,حدائق قرطاج; المرسى; المنازه; المنارات; حي النصر; برج السدرية; المروج; باردو; طبربة; الجديدة; الزهراء; حمام الأنف; حلق الوادي; الكرم; سكرة; شطرانة; سيدي فرج,2026-08-11 15:21:28
https://www.steg.com.tn/fr/news/f7f9fdd914df,إشعار بانقطاع الكهرباء - جهة الجنوب الغربي - 17:00 20/07/2026,"إشعار بانقطاع الكهرباء
جهة الجنوب الغربي
في إطار الحفاظ على سلامة و ديمومة المنظومة الكهربائية، تعلم الشركة التونسية للكهرباء و الغاز أنّه قد يتمّ اللجوء إلى
القطع الدوري للكهرباء ال
يوم
الاثنين 20 جويلية 2026
، خلال الفترة المتراوحة
بين
الساعة الخامسة مساء و الساعة منتصف الليل
،
وعلى فترات متقطّعة
، على مستوى المناطق التالية :
السعيدة
خمودة بودرياس
سوق الجديد
الحمّار
اولاد حمد
حوامد
مكارم
قطرانة
الشخّار
فوسانة
حاسي لفريد
أولاد حفوز
سبيطلة
تالة
العيون
لعمايميّة
سيدي عيش
السبّالة
أم العظام
نفطة
بوليفة
صحراوي
مع عودة
الكهرباء دون سابق إعلام
. لذا، يُرجى اتخاذ التدابير الاحتياطية اللازمة
.
هذه القائمة ليست نهائية و يمكن أن تشمل مناطق أخرى.
*للتبليغ عن أي طارئ أو لطلب مزيد من المعلومات، تضع الشركة على ذمّة حرفائها رقم الخدمات التالي :
71.239.222
، كما يمكنهم الاتصال بأرقام الهاتف المذكورة على فاتورات الاستهلاك.",,2026-07-20,17:00,00:00,جهة الجنوب,السعيدة; خمودة بودرياس; سوق الجديد; الحمّار; اولاد حمد; حوامد; مكارم; قطرانة; الشخّار; فوسانة; حاسي لفريد; أولاد حفوز; سبيطلة; تالة; العيون; لعمايميّة; سيدي عيش; السبّالة; أم العظام; نفطة; بوليفة; صحراوي,2026-08-11 15:21:28
https://www.steg.com.tn/fr/news/412e923b8f28,إشعار بانقطاع الكهرباء - جهة الوسط - 12:00 03/08/2026,"إشعار بانقطاع الكهرباء
جهة الوسط
في إطار الحفاظ على سلامة و ديمومة منظومتها الكهربائية، تعلم الشركة التونسية للكهرباء و الغاز أنّه قد يتمّ اللجوء إلى
القطع الدوري للكهرباء
اليوم الاثنين 03 أوت 2026، خلال الفترة المتراوحة
بين الساعة منتصف النهار و الساعة الخامسة مساء
،  وعلى فترات متقطّعة ، على أن لا تتجاوز ساعتين للفترة الواحدة ، حسب ما تمليه علينا وضعية الشبكة، على مستوى المناطق التالية :
رقّادة
بوحجلة
عين جلولة
نصر الله
منزل المهيري
أولاد عاشور
السهيلات
السبيبة
العلا
هرقلة
بوفيشة
المنطقة الصناعيّة بالنفيضة
حمّام سوسة
أكودة
الحي الجامعي
القلعة الصغيرة
قصر لمسة
جمّال
زاوية قنطش
بنبلة
مساكن
بوحجر
الساحلين
منزل كامل
الشابّة
البقالطة
شربان
رجيش
السواسي
كركر
سيدي بوعلي
القلعة الكبيرة
خزامة
سهلول3
أولاد الشامخ
المنطقة الصناعيّة الجم
طوزة
شتيوين
مع عودة
الكهرباء
دون سابق إعلام
. لذا، يُرجى اتخاذ التدابير الوقائية اللازمة
.
هذه القائمة ليست نهائية و يمكن أن تشمل مناطق أخرى، حسب التطورات ومتطلبات التوازن بين الإنتاج و الاستهلاك.
*للتبليغ عن أي طارئ أو لطلب مزيد من المعلومات، تضع الشركة على ذمّة حرفائها رقم الخدمات التالي :
71.239.222
، كما يمكنهم الاتصال بأرقام الهاتف المذكورة على فواتير الاستهلاك.
وتتقدم الشركة باعتذارها عن هذا الإجراء الاستثنائي، وتعوّل على تفهم حرفائها الكرام وتعاونهم
.",,2026-08-03,12:00,03:00,جهة الوسط,رقّادة; بوحجلة; عين جلولة; نصر الله; منزل المهيري; أولاد عاشور; السهيلات; السبيبة; العلا; هرقلة; بوفيشة; المنطقة الصناعيّة بالنفيضة; حمّام سوسة; أكودة; الحي الجامعي; القلعة الصغيرة; قصر لمسة; جمّال; زاوية قنطش; بنبلة; مساكن; بوحجر; الساحلين; منزل كامل; الشابّة; البقالطة; شربان; رجيش; السواسي; كركر; سيدي بوعلي; القلعة الكبيرة; خزامة; سهلول3; أولاد الشامخ; المنطقة الصناعيّة الجم; طوزة; شتيوين,2026-08-11 15:21:28
https://www.steg.com.tn/fr/news/f2609cbbe344,إشعار بانقطاع الكهرباء - جهة الوسط - 12:30 05/08/2026,"إشعار بانقطاع الكهرباء
جهة الوسط
في إطار الحفاظ على سلامة و ديمومة منظومتها الكهربائية، تعلم الشركة التونسية للكهرباء و الغاز أنّه قد يتمّ اللجوء إلى
القطع الدوري للكهرباء
اليوم الأربعاء 05 أوت 2026، خلال الفترة المتراوحة
بين الساعة منتصف النهار و النصف و الساعة الخامسة مساء
،  وعلى فترات متقطّعة ، على أن لا تتجاوز ساعتين للفترة الواحدة ، حسب ما تمليه علينا وضعية الشبكة، و ذلك على مستوى المناطق التالية :
هرقلة
بوفيشة
المنطقة الصناعيّة بالنفيضة
حمّام سوسة
أكودة
الحي الجامعي
القلعة الصغيرة
قصر لمسة
جمّال
بوحجر
زاوية سوسة
الساحلين
منزل كامل
المكنين
الشابّة
البقالطة
شربان
رجيش
السواسي
كركر
زاوية قنطش
النفيضة
بنبلة
مساكن
سهلول3
أولاد الشامخ
المنطقة الصناعيّة الجم
بنان
طوزة
شتيوين
سيدي بوعلي
القلعة الكبيرة
الرياض
خزامة
رقّادة
بوحجلة
عين جلولة
نصر الله
منزل المهيري
أولاد عاشور
السهيلات
السبيبة
العلا
قصر هلال
صيّادة
مع عودة
الكهرباء
دون سابق إعلام
. لذا، يُرجى اتخاذ التدابير الوقائية اللازمة
.
هذه القائمة ليست نهائية و يمكن أن تشمل مناطق أخرى، حسب التطورات ومتطلبات التوازن بين الإنتاج و الاستهلاك.
*للتبليغ عن أي طارئ أو لطلب مزيد من المعلومات، تضع الشركة على ذمّة حرفائها رقم الخدمات التالي :
71.239.222
، كما يمكنهم الاتصال بأرقام الهاتف المذكورة على فواتير الاستهلاك.
وتتقدم الشركة باعتذارها عن هذا الإجراء الاستثنائي، وتعوّل على تفهم حرفائها الكرام وتعاونهم
.",,2026-08-05,12:00,03:00,جهة الوسط,هرقلة; بوفيشة; المنطقة الصناعيّة بالنفيضة; حمّام سوسة; أكودة; الحي الجامعي; القلعة الصغيرة; قصر لمسة; جمّال; بوحجر; زاوية سوسة; الساحلين; منزل كامل; المكنين; الشابّة; البقالطة; شربان; رجيش; السواسي; كركر; زاوية قنطش; النفيضة; بنبلة; مساكن; سهلول3; أولاد الشامخ; المنطقة الصناعيّة الجم; بنان; طوزة; شتيوين; سيدي بوعلي; القلعة الكبيرة; الرياض; خزامة; رقّادة; بوحجلة; عين جلولة; نصر الله; منزل المهيري; أولاد عاشور; السهيلات; السبيبة; العلا; قصر هلال; صيّادة,2026-08-11 15:21:28
https://www.steg.com.tn/fr/news/f3dca6d187e6,إشعار بانقطاع الكهرباء - جهة الجنوب - 10:00 20/07/2026,"إشعار بانقطاع الكهرباء
جهة الجنوب
في إطار الحفاظ على سلامة و ديمومة المنظومة الكهربائية، تعلم الشركة التونسية للكهرباء و الغاز أنّه قد يتمّ اللجوء إلى
القطع الدوري للكهرباء ال
يوم
الاثنين 20 جويلية 2026
، خلال الفترة المتراوحة
بين
الساعة العاشرة صباحا و الساعة الخامسة مساءا
،
وعلى فترات متقطّعة
، على مستوى المناطق التالية :
جهة قابس
جربة
قبلي
تطاوين
جرجيس - بنقردان
مدنين
- حي الازدهار
- شنتش
- حي الهناء
- مطرش
- بوشمّة
- غنوش
- مارث
- الحامة
- حومة السوق
- ميدون
- سوق الأحد
- حي طريق قابس
- جمنة
- الرحمات
- تطاوين الجديدة
- حي واد القمح
- حي المهرجان
- الجميلة
- طريق راس جدير
- قطعاية
- منطقة جرجيس
- جرجيس المدينة
- حسي عمر
- حي ابن سينا
- حي طريق تطاوين
- حي طريق قابس
مع عودة
الكهرباء دون سابق إعلام
. لذا، يُرجى اتخاذ التدابير الاحتياطية اللازمة
.
هذه القائمة ليست نهائية و يمكن أن تشمل مناطق أخرى.
*للتبليغ عن أي طارئ أو لطلب مزيد من المعلومات، تضع الشركة على ذمّة حرفائها رقم الخدمات التالي :
71.239.222
، كما يمكنهم الاتصال بأرقام الهاتف المذكورة على فاتورات الاستهلاك.",,2026-07-20,10:00,17:00,جهة الجنوب,جهة قابس; جربة; قبلي; تطاوين; جرجيس - بنقردان; مدنين; حي الازدهار; شنتش; حي الهناء; مطرش; بوشمّة; غنوش; مارث; الحامة; حومة السوق; ميدون; سوق الأحد; حي طريق قابس; جمنة; الرحمات; تطاوين الجديدة; حي واد القمح; حي المهرجان; الجميلة; طريق راس جدير; قطعاية; منطقة جرجيس; جرجيس المدينة; حسي عمر; حي ابن سينا; حي طريق تطاوين; حي طريق قابس,2026-08-11 15:21:28
https://www.steg.com.tn/fr/news/b924e07f3efe,إشعار بانقطاع الكهرباء - جهة الشمال الغربي - 13:00 27/07/2026,"إشعار بانقطاع الكهرباء
جهة الشمال الغربي
في إطار الحفاظ على سلامة و ديمومة المنظومة الكهربائية، تعلم الشركة التونسية للكهرباء و الغاز أنّه قد يتمّ اللجوء إلى
القطع الدوري للكهرباء
اليوم الاثنين 27 جويلية 2026، خلال الفترة المتراوحة
بين الساعة الواحدة بعد الزوال والساعة الخامسة مساء
،  وعلى فترات متقطّعة ، حسب ما تمليه علينا وضعية الشبكة، على مستوى المناطق التالية :
القلعة الخصبة
القصور
مكثر
الكريب
سيدي بورويس
سيدي اسماعيل
بوسالم
قبلاط
تبرسق
مع عودة
الكهرباء دون سابق إعلام
. لذا، يُرجى اتخاذ التدابير الوقائية اللازمة
.
هذه القائمة ليست نهائية و يمكن أن تشمل مناطق أخرى، مع إمكانية تجاوز الفترة المذكورة أعلاه حسب التطورات ومتطلبات التوازن بين الإنتاج و الاستهلاك.
*للتبليغ عن أي طارئ أو لطلب مزيد من المعلومات، تضع الشركة على ذمّة حرفائها رقم الخدمات التالي :
71.239.222
، كما يمكنهم الاتصال بأرقام الهاتف المذكورة على فواتير الاستهلاك.",,2026-07-27,13:00,17:00,جهة الشمال,القلعة الخصبة; القصور; مكثر; الكريب; سيدي بورويس; سيدي اسماعيل; بوسالم; قبلاط; تبرسق,2026-08-11 15:21:28
https://www.steg.com.tn/fr/news/0fbaad44b19d,إشعار بانقطاع الكهرباء - جهة الشمال الغربي - 10:00 20/07/2026,"إشعار بانقطاع الكهرباء
جهة الشمال الغربي
في إطار الحفاظ على سلامة و ديمومة المنظومة الكهربائية، تعلم الشركة التونسية للكهرباء و الغاز أنّه قد يتمّ اللجوء إلى
القطع الدوري للكهرباء ال
يوم
الاثنين 20 جويلية 2026
، خلال الفترة المتراوحة
بين
الساعة العاشرة صباحا و الساعة الخامسة مساءا
،
وعلى فترات متقطّعة
، على مستوى المناطق التالية :
وشتاتة
نفزة
بن بشير
بوسالم
غار الدماء
الروحية
مكثر
الجريصة
الدهماني
مجاز الباب
مع عودة
الكهرباء دون سابق إعلام
. لذا، يُرجى اتخاذ التدابير الاحتياطية اللازمة
.
هذه القائمة ليست نهائية و يمكن أن تشمل مناطق أخرى.
*للتبليغ عن أي طارئ أو لطلب مزيد من المعلومات، تضع الشركة على ذمّة حرفائها رقم الخدمات التالي :
71.239.222
، كما يمكنهم الاتصال بأرقام الهاتف المذكورة على فاتورات الاستهلاك.",,2026-07-20,10:00,17:00,جهة الشمال,وشتاتة; نفزة; بن بشير; بوسالم; غار الدماء; الروحية; مكثر; الجريصة; الدهماني; مجاز الباب,2026-08-11 15:21:28
https://www.steg.com.tn/fr/news/4c14ac281fba,إشعار بانقطاع الكهرباء - جهة الجنوب - 18:00 22/07/2026,"إشعار بانقطاع الكهرباء
جهة الجنوب
في إطار الحفاظ على سلامة و ديمومة المنظومة الكهربائية، تعلم الشركة التونسية للكهرباء و الغاز أنّه قد يتمّ اللجوء إلى
القطع الدوري للكهرباء
اليوم الأربعاء 22 جويلية 2026، خلال الفترة المتراوحة
بين الساعة السادسة مساء والساعة العاشرة ليلا
،
وعلى فترات متقطّعة
، على مستوى المناطق التالية :
جهة قابس
جربة
قبلي
تطاوين
جرجيس - بنقردان
مدنين
-حي الممرضين
- تبلبو
- الموازير
- حي الزهور
- المدّو
- العكاريت
- العوينات
- الحامة
- النحّال
- شنني
-الناظور
- الساقية
- حومة السوق
- ميدون
- ربّانة
- المحراب
-حي أولاد عقوب
- النزلة
- بازمة
- قبلي الشمالية
- القلعة
- البليدات
- مساعيد
- جمنة
- رجيم معتوق
-حي واد القمح
- حي المهرجان
- بني مهيرة
- السمّار
- بير لحمر
-الزاوية
- المنطقة الحرة جرجيس
- جرجيس المدينة
- الرصيفات
- حي طريق مدنين
- الزكرة
- الجميلة
- جلال
- الخروبة
-حي طريق قابس
- حي الجندلي
- الدرغولية
- كوتين
- أم التمر
- حسي عمر
- بوغرارة
- الجرف
مع عودة
الكهرباء دون سابق إعلام
. لذا، يُرجى اتخاذ التدابير الاحتياطية اللازمة
.
هذه القائمة ليست نهائية و يمكن أن تشمل مناطق أخرى.
*للتبليغ عن أي طارئ أو لطلب مزيد من المعلومات، تضع الشركة على ذمّة حرفائها رقم الخدمات التالي :
71.239.222
، كما يمكنهم الاتصال بأرقام الهاتف المذكورة على فاتورات الاستهلاك.",,2026-07-22,18:00,22:00,جهة الجنوب,جهة قابس; جربة; قبلي; تطاوين; جرجيس - بنقردان; مدنين; حي الممرضين; تبلبو; الموازير; حي الزهور; المدّو; العكاريت; العوينات; الحامة; النحّال; شنني; الناظور; الساقية; حومة السوق; ميدون; ربّانة; المحراب; حي أولاد عقوب; النزلة; بازمة; قبلي الشمالية; القلعة; البليدات; مساعيد; جمنة; رجيم معتوق; حي واد القمح; حي المهرجان; بني مهيرة; السمّار; بير لحمر; الزاوية; المنطقة الحرة جرجيس; جرجيس المدينة; الرصيفات; حي طريق مدنين; الزكرة; الجميلة; جلال; الخروبة; حي طريق قابس; حي الجندلي; الدرغولية; كوتين; أم التمر; حسي عمر; بوغرارة; الجرف,2026-08-11 15:21:28
https://www.steg.com.tn/fr/news/928535052a9b,إشعار بانقطاع الكهرباء - جهة الوسط - 11:00 23/07/2026,"إشعار بانقطاع الكهرباء
جهة الوسط
في إطار الحفاظ على سلامة و ديمومة المنظومة الكهربائية، تعلم الشركة التونسية للكهرباء و الغاز أنّه قد يتمّ اللجوء إلى
القطع الدوري للكهرباء
اليوم الخميس 23 جويلية 2026، خلال الفترة المتراوحة
بين الساعة الحادية عشر صباحا والساعة الخامسة مساء
،
وعلى فترات متقطّعة
، على مستوى المناطق التالية :
رقّادة
بوحجلة
عين جلولة
نصر الله
منزل المهيري
أولاد عاشور
السهيلات
السبيبة
العلا
النفيضة
هرقلة
بوفيشة
المنطقة الصناعيّة بالنفيضة
حمّام سوسة
أكودة
الحي الجامعي
القلعة الصغيرة
قصر لمسة
جمّال
قصر هلال
صيّادة
زاوية قنطش
بنبلة
مساكن
بوحجر
زاوية سوسة
الساحلين
منزل كامل
المكنين
الشابّة
البقالطة
شربان
رجيش
السواسي
كركر
سيدي بوعلي
القلعة الكبيرة
الرياض
خزامة
سهلول3
أولاد الشامخ
المنطقة الصناعيّة الجم
بنان
طوزة
شتيوين
مع عودة
الكهرباء دون سابق إعلام
. لذا، يُرجى اتخاذ التدابير الاحتياطية اللازمة
.
هذه القائمة ليست نهائية و يمكن أن تشمل مناطق أخرى.
*للتبليغ عن أي طارئ أو لطلب مزيد من المعلومات، تضع الشركة على ذمّة حرفائها رقم الخدمات التالي :
71.239.222
، كما يمكنهم الاتصال بأرقام الهاتف المذكورة على فاتورات الاستهلاك.",,2026-07-23,11:00,03:00,جهة الوسط,رقّادة; بوحجلة; عين جلولة; نصر الله; منزل المهيري; أولاد عاشور; السهيلات; السبيبة; العلا; النفيضة; هرقلة; بوفيشة; المنطقة الصناعيّة بالنفيضة; حمّام سوسة; أكودة; الحي الجامعي; القلعة الصغيرة; قصر لمسة; جمّال; قصر هلال; صيّادة; زاوية قنطش; بنبلة; مساكن; بوحجر; زاوية سوسة; الساحلين; منزل كامل; المكنين; الشابّة; البقالطة; شربان; رجيش; السواسي; كركر; سيدي بوعلي; القلعة الكبيرة; الرياض; خزامة; سهلول3; أولاد الشامخ; المنطقة الصناعيّة الجم; بنان; طوزة; شتيوين,2026-08-11 15:21:28
https://www.steg.com.tn/fr/news/e365b3d1bb06,إشعار بانقطاع الكهرباء - جهة الشمال - 11:00 24/07/2026,"إشعار بانقطاع الكهرباء
جهة الشمال
في إطار الحفاظ على سلامة و ديمومة المنظومة الكهربائية، تعلم الشركة التونسية للكهرباء و الغاز أنّه قد يتمّ اللجوء إلى
القطع الدوري للكهرباء
اليوم الجمعة 24 جويلية 2026، خلال الفترة المتراوحة
بين الساعة الحادية عشر صباحا و الساعة الخامسة مساء
، وعلى فترات متقطّعة ، حسب ما تمليه علينا وضعية الشبكة، على مستوى المناطق التالية :
جهة الوطن القبلي
جهة زغوان
جهة بنزرت
قليبية
حمام لغزاز
الميدة
بني خلاد
الهوارية
منزل تميم
دار علوش
الحمامات
منزل بوزلفة
بوعرقوب
نابل
زغوان
الفحص
صوّاف
الزريبة
بوعشير
جرادو
جبل الوسط
بير مشارقة
الناظور
سجنان
جومين
الماتلين
راس الجبل
منزل عبد الرحمان
العالية
غار الملح
منزل جميل
ماطر
تينجة
أوتيك
مع عودة
الكهرباء دون سابق إعلام
. لذا، يُرجى اتخاذ التدابير الاحتياطية اللازمة
.
هذه القائمة ليست نهائية و يمكن أن تشمل مناطق أخرى، مع إمكانية تجاوز الفترة المذكورة أعلاه حسب التطورات ومتطلبات التوازن بين الإنتاج و الاستهلاك.
*للتبليغ عن أي طارئ أو لطلب مزيد من المعلومات، تضع الشركة على ذمّة حرفائها رقم الخدمات التالي :
71.239.222
، كما يمكنهم الاتصال بأرقام الهاتف المذكورة على فواتير الاستهلاك.",,2026-07-24,11:00,17:00,جهة الشمال,جهة الوطن القبلي; جهة زغوان; جهة بنزرت; قليبية; حمام لغزاز; الميدة; بني خلاد; الهوارية; منزل تميم; دار علوش; الحمامات; منزل بوزلفة; بوعرقوب; نابل; زغوان; الفحص; صوّاف; الزريبة; بوعشير; جرادو; جبل الوسط; بير مشارقة; الناظور; سجنان; جومين; الماتلين; راس الجبل; منزل عبد الرحمان; العالية; غار الملح; منزل جميل; ماطر; تينجة; أوتيك,2026-08-11 15:21:28
